PID,smiles,value
1,[*]/C(=C(/[*])c1ccc(CCCC)cc1)c1ccccc1,-6.585026652
2,[*]/C(=C(/[*])c1ccc(S(=O)(=O)O)cc1)c1ccc(CCCC)cc1,-8.346787486
3,[*]/C(=C(/[*])c1ccc(S(=O)(=O)O)cc1)c1ccc([Si](C)(C)C)cc1,-9.602059991
4,[*]/C(=C(/[*])c1ccc([Si](C(C)C)(C(C)C)C(C)C)cc1)c1ccccc1,-7.638272164
5,[*]/C(=C(/[*])c1ccc([Si](C)(C)C)cc1)c1ccc(-c2ccc(C(C)(C)C)cc2)cc1,-7.207608311
6,[*]/C(=C(/[*])c1ccc([Si](C)(C)C)cc1)c1ccccc1,-6.93930216
7,[*]/C(=C(/[*])c1ccc([Si](c2ccccc2)(c2ccccc2)c2ccccc2)cc1)c1ccccc1,-8.91721463
8,[*]/C(=C(/[*])c1ccc2c(c1)-c1cc([Si](C)(C)C)ccc1C2(C)C)c1ccccc1,-6.008773924
9,[*]/C(=C(/[*])c1ccc2c(c1)-c1ccccc1C2(C)C)c1ccccc1,-7.080921908
10,[*]/C(=C(/[*])c1ccc2c(c1)-c1ccccc1C21CC1)c1ccc([Si](C)(C)C)cc1,-7.356547324
11,[*]/C(=C(/[*])c1ccc2c(c1)-c1ccccc1C21CC1)c1ccccc1,-7.008773924
12,[*]/C(=C(/[*])c1ccc2c(c1)C(C)(C)C(C)(C)C2(C)C)c1ccccc1,-5.903089987
13,[*]/C(=C(/[*])c1ccc2c(c1)C(C)(C)CC2(C)C)c1cc(F)cc(F)c1,-5.818156412
14,[*]/C(=C(/[*])c1ccc2c(c1)C(C)(C)CC2(C)C)c1ccc(Br)cc1,-5.943095149
15,[*]/C(=C(/[*])c1ccc2c(c1)C(C)(C)CC2(C)C)c1ccc(C)cc1,-6.244125144
16,[*]/C(=C(/[*])c1ccc2c(c1)C(C)(C)CC2(C)C)c1ccc(Cl)cc1,-5.931814138
17,[*]/C(=C(/[*])c1ccc2c(c1)C(C)(C)CC2(C)C)c1ccc(F)c(F)c1,-5.728158393
18,[*]/C(=C(/[*])c1ccc2c(c1)C(C)(C)CC2(C)C)c1ccc(F)cc1,-5.747146969
19,[*]/C(=C(/[*])c1ccc2c(c1)C(C)(C)CC2(C)C)c1ccc([Si](C)(C)C)cc1,-7.346787486
20,[*]/C(=C(/[*])c1ccc2c(c1)C(C)(C)CC2(C)C)c1ccccc1,-5.863279433
21,[*]/C(=C(/[*])c1ccc2c(c1)C(C)(C)CCC2(C)C)c1ccccc1,-6.408935393
22,[*]/C(=C(/[*])c1ccc2c(c1)CCC2)c1ccc([Si](C)(C)C)cc1,-8.065501549
23,[*]/C(=C(/[*])c1ccc2c(c1)Cc1ccccc1-2)c1ccc([Si](C)(C)C)cc1,-6.782516056
24,[*]/C(=C(/[*])c1ccc2c(c1)Cc1ccccc1-2)c1ccccc1,-6.66756154
25,[*]/C(=C(/[*])c1ccc2c(ccc3ccccc32)c1)c1ccc([Si](C)(C)C)cc1,-7.337242168
26,[*]/C(=C(/[*])c1ccc2c(ccc3ccccc32)c1)c1ccccc1,-6.886056648
27,[*]/C(=C(/[*])c1cccc(-c2ccc(C(C)(C)C)cc2)c1)c1ccccc1,-7.709965389
28,[*]/C(=C(/[*])c1cccc(-c2ccccc2)c1)c1ccccc1,-7.744727495
29,[*]/C(=C(/[*])c1cccc([Si](C)(C)C)c1)c1ccccc1,-7.142667504
30,[*]/C(=C(/[*])c1ccccc1F)c1ccc2c(c1)C(C)(C)CC2(C)C,-5.844663963
31,[*]/C(C)=C(/[*])CC(C)C,-7.610833916
32,[*]/C(C)=C(/[*])CCC(C)C,-7.886056648
33,[*]/C(C)=C(/[*])[Si](C)(C)C(C)C,-7.337242168
34,[*]/C(C)=C(/[*])[Si](C)(C)CC,-7.013228266
35,[*]/C(C)=C(/[*])[Si](C)(C)CCC,-8.15490196
36,[*]/C(C)=C(/[*])[Si](C)(C)CCCC,-8.537602002
37,[*]/C(C)=C(/[*])[Si](C)(C)CCCCC,-8.638272164
38,[*]/C(C)=C(/[*])[Si](C)(C)c1ccccc1,-9.356547324
39,[*]/C(C)=C(/[*])c1ccccc1,-8.500312917
40,[*]/C(CC)=C(/[*])c1ccccc1,-8.920818754
41,[*]/C(CCCCCC)=C(/[*])c1ccccc1,-8.853871964
42,[*]/C(Cl)=C(/[*])CCCC,-8.920818754
43,[*]/C(Cl)=C(/[*])CCCCCC,-8.494850022
44,[*]/C(Cl)=C(/[*])c1ccccc1,-9.292429824
45,[*]/C=C(/[*])C(C)(C)C,-7.886056648
46,[*]/C=C(/[*])c1ccc(-c2ccc([Si](C)(C)C)cc2)cc1,-7.408935393
47,[*]/C=C(/[*])c1ccc(C[Si](C)(C)C)cc1,-7.853871964
48,[*]/C=C(/[*])c1ccc(O[Si](C)(C)C(C)(C)C)cc1,-8.769551079
49,[*]/C=C(/[*])c1ccccc1,-8.782516056
50,[*]/C=C(/[*])c1ccccc1C,-9.091514981
51,[*]/C=C(/[*])c1ccccc1C(F)(F)F,-8.602059991
52,[*]=CC1CCC(C=[*])C1,-9.552841969
53,[*]=CCCC(=[*])Cl,-9.397940009
54,[*]=NP(=NP(=[*])(Cl)Oc1cc(C(C)(C)C)cc(C(C)(C)C)c1)(Oc1cc(C(C)(C)C)cc(C(C)(C)C)c1)Oc1cc(C(C)(C)C)cc(C(C)(C)C)c1,-8.958607315
55,[*]=NP(=NP(=[*])(OCC(C)(C)C)Oc1ccccc1)(Oc1ccccc1)Oc1ccccc1,-8.982966661
56,[*]=NP(=NP(=[*])(Oc1ccc(OC)cc1)Oc1ccccc1CC=C)(OCCCOCCOC)Oc1ccc(OC)cc1,-9.15490196
57,[*]=NP(=NP(=[*])(Oc1ccccc1)Oc1ccc([Si](C)(C)C)cc1)(Oc1ccc(Br)cc1)Oc1ccc([Si](C)(C)C)cc1,-8.512861625
58,[*]=NP(=NP(=[*])(Oc1ccccc1)Oc1ccc([Si](C)(C)c2ccccc2)cc1)(Oc1ccc(Br)cc1)Oc1ccc([Si](C)(C)c2ccccc2)cc1,-9.107905397
59,[*]=NP(=NP(=[*])(Oc1ccccc1)Oc1ccc([Si](C)(c2ccccc2)c2ccccc2)cc1)(Oc1ccc(Br)cc1)Oc1ccc([Si](C)(c2ccccc2)c2ccccc2)cc1,-9.886056648
60,[*]C(=C([*])c1ccc(C(C)(C)C)cc1)c1ccc(O)cc1,-8.086186148
61,[*]C(=C([*])c1ccc(C(C)(C)C)cc1)c1ccc(O[Si](C)(C)C(C)(C)C)cc1,-7.327902142
62,[*]C(=C([*])c1ccc(C(C)(C)C)cc1)c1ccccc1,-7.086186148
63,[*]C(=C([*])c1ccc(C(C)C)cc1)c1ccccc1,-7.522878745
64,[*]C(=C([*])c1ccc(CCCC)cc1)c1ccccc1,-8.431798276
65,[*]C(=C([*])c1ccc([Si](C)(C)C)cc1)c1ccc(O[Si](C)(C)C(C)(C)C)cc1,-7.080921908
66,[*]C(=C([*])c1ccc([Si](C)(C)CCCCCCCC)cc1)c1ccc(C(C)(C)C)cc1,-8.585026652
67,[*]C(=C([*])c1ccc([Si](C)(C)CCCCCCCC)cc1)c1ccc(C(C)C)cc1,-8.537602002
68,[*]C(=C([*])c1ccc([Si](C)(C)CCCCCCCC)cc1)c1ccc(CCCC)cc1,-8.602059991
69,[*]C(=C([*])c1ccc([Si](C)(C)CCCCCCCC)cc1)c1ccccc1,-8.468521083
70,[*]C(=C([*])c1ccc2c(c1)C(C)(C)c1cc(Br)ccc1-2)c1ccccc1,-6.698970004
71,[*]C(=C([*])c1ccc2c(c1)C(C)(C)c1cc([Si](C)(C)C)ccc1-2)c1ccccc1,-6.26760624
72,[*]C(=C([*])c1ccc2c(c1)C(C)(C)c1ccccc1-2)c1cc(F)cc(F)c1,-6.568636236
73,[*]C(=C([*])c1ccc2c(c1)C(C)(C)c1ccccc1-2)c1ccc(Br)cc1,-6.301029996
74,[*]C(=C([*])c1ccc2c(c1)C(C)(C)c1ccccc1-2)c1ccc(C(C)(C)C)cc1,-6.455931956
75,[*]C(=C([*])c1ccc2c(c1)C(C)(C)c1ccccc1-2)c1ccc(F)c(F)c1,-6.180456064
76,[*]C(=C([*])c1ccc2c(c1)C(C)(C)c1ccccc1-2)c1ccc(F)cc1,-6.207608311
77,[*]C(=C([*])c1ccc2c(c1)C(C)(C)c1ccccc1-2)c1ccc([Si](C)(C)C)cc1,-7.327902142
78,[*]C(=C([*])c1ccc2c(c1)C(C)(C)c1ccccc1-2)c1cccc(F)c1,-6.229147988
79,[*]C(=C([*])c1ccc2c(c1)C(C)(C)c1ccccc1-2)c1ccccc1,-6.318758763
80,[*]C(=C([*])c1ccc2c(c1)C1(CC1)c1ccccc1-2)c1ccc([Si](C)(C)C)cc1,-7
81,[*]C(=C([*])c1ccc2c(c1)C1(CC1)c1ccccc1-2)c1ccccc1,-7.180456064
82,[*]C(=C([*])c1cccc(O)c1)c1ccc(C(C)(C)C)cc1,-7.236572006
83,[*]C(=C([*])c1cccc(O[Si](C)(C)C(C)(C)C)c1)c1ccc(C(C)(C)C)cc1,-6.677780705
84,[*]C(=C([*])c1cccc(O[Si](C)(C)C(C)(C)C)c1)c1ccc([Si](C)(C)C)cc1,-7.091514981
85,[*]C(=C([*])c1ccccc1)c1ccccc1,-6.920818754
86,[*]C(=O)COc1c(Br)cc(C(C)(C)c2cc(Br)c(OC(=O)c3cc([*])cc(C(C)(C)C)c3)c(Br)c2)cc1Br,-9.249491605
87,[*]C(=O)COc1c(Br)cc(C(c2cc(Br)c(OC(=O)c3cc([*])cc(C(C)(C)C)c3)c(Br)c2)(C(F)(F)F)C(F)(F)F)cc1Br,-8.655607726
88,[*]C(=O)COc1c(Br)cc2c(c1Br)C(C)(C)c1cc(Br)c(OC(=O)c3cc([*])cc(C(C)(C)C)c3)c(Br)c1-2,-8.774690718
89,[*]C(=O)Nc1ccc(C2(c3ccc(NC(=O)c4cc([*])cc(C(C)(C)C)c4)cc3)c3ccccc3-c3ccccc32)cc1,-9.096910013
90,[*]C(=O)Nc1ccc(Cc2ccc(NC(=O)c3cc([*])cc(C(C)(C)C)c3)cc2)cc1,-9.935542011
91,[*]C(=O)Oc1c(Br)cc(C(C)(C)c2cc(Br)c(OC(=O)c3cc([*])cc(C(C)(C)C)c3)c(Br)c2)cc1Br,-9.247183569
92,[*]C(=O)Oc1c(Br)cc(C2(c3cc(Br)c(OC(=O)c4cc([*])cc(C(C)(C)C)c4)c(Br)c3)OC(=O)c3ccccc32)cc1Br,-9.130181792
93,[*]C(=O)Oc1c(Br)cc(C2(c3cc(Br)c(OC(=O)c4cc([*])cc(C(C)(C)C)c4)c(Br)c3)c3ccccc3-c3ccccc32)cc1Br,-8.774690718
94,[*]C(=O)Oc1ccc(C(C)(C)c2ccc(OC(=O)c3cc([*])cc(C(C)(C)C)c3)cc2)cc1,-9.225483034
95,[*]C(=O)Oc1ccc(C(c2ccc(OC(=O)c3cc([*])cc(C(C)(C)C)c3)cc2)(C(F)(F)F)C(F)(F)F)cc1,-8.804100348
96,[*]C(=O)Oc1ccc(C2(c3ccc(OC(=O)c4cc([*])cc(C(C)(C)C)c4)cc3)OC(=O)c3ccccc32)cc1,-9.251811973
97,[*]C(=O)Oc1ccc(C2(c3ccc(OC(=O)c4cc([*])cc(C(C)(C)C)c4)cc3)c3ccccc3-c3ccccc32)cc1,-9.019996628
98,[*]C(=O)c1ccc(-c2ccc(C(=O)c3ccc(Oc4ccc(S(=O)(=O)c5ccc(Oc6ccc([*])cc6)cc5)cc4)cc3)cc2)cc1,-10.19382003
99,[*]C(=O)c1ccc(-c2nc3cc(C(c4ccc5oc(-c6ccc([*])cc6)nc5c4)(C(F)(F)F)C(F)(F)F)ccc3o2)cc1,-9.690369833
100,[*]C(=O)c1ccc(C(c2ccc(C(=O)c3ccc(Oc4ccc(C(c5ccc(Oc6ccc([*])cc6)cc5)(C(F)(F)F)C(F)(F)F)cc4)cc3)cc2)(C(F)(F)F)C(F)(F)F)cc1,-9.431798276
101,[*]C(=O)c1ccc(Oc2ccc(C(c3ccccc3)(c3ccc(Oc4ccc([*])cc4)cc3)C(F)(F)F)cc2)cc1,-10.04095861
102,[*]C(=O)c1ccc(Oc2ccc(Oc3ccc([*])cc3)cc2)cc1,-10.58670024
103,[*]C(=O)c1ccc(Oc2ccc(Oc3ccc([*])cc3)cc2-c2cc(C(F)(F)F)cc(C(F)(F)F)c2)cc1,-9.48148606
104,[*]C(=O)c1ccc(Oc2ccc(Oc3ccc([*])cc3)cc2-c2cccc(C(F)(F)F)c2)cc1,-10.4202164
105,[*]C(=O)c1ccc2c(c1)C(=O)N(c1ccc(-c3ccc(Oc4ccc(C5(c6ccc(Oc7ccc(-c8ccc(N9C(=O)c%10ccc([*])cc%10C9=O)cc8)cc7C(F)(F)F)cc6)C(=O)N(c6ccccc6)c6ccccc65)cc4)c(C(F)(F)F)c3)cc1)C2=O,-9.363512104
106,[*]C(=O)c1ccc2c(c1)C(=O)N(c1ccc(C(c3ccc(N4C(=O)c5ccc([*])cc5C4=O)cc3)(C(F)(F)F)C(F)(F)F)cc1)C2=O,-9.659555885
107,[*]C(=O)c1ccc2c(c1)C(=O)N(c1ccc(C(c3ccc(N4Cc5ccc([*])cc5C4=O)cc3)(C(F)(F)F)C(F)(F)F)cc1)C2=O,-9.602059991
108,[*]C(=O)c1ccc2c(c1)C(=O)N(c1ccc(Cc3ccc(N4C(=O)c5ccc([*])cc5C4=O)cc3)cc1)C2=O,-10.67571754
109,[*]C(=O)c1ccc2c(c1)C(=O)N(c1ccc(N(c3ccccc3)c3ccc(N4C(=O)c5ccc([*])cc5C4=O)cc3)cc1)C2=O,-10.06550155
110,[*]C(=O)c1ccc2c(c1)C(=O)N(c1ccc(Oc3ccc(C(c4ccc(Oc5ccc(N6C(=O)c7ccc([*])cc7C6=O)cc5)cc4)(C(F)(F)F)C(F)(F)F)cc3)cc1)C2=O,-9.943095149
111,[*]C(=O)c1ccc2c(c1)C(=O)N(c1ccc(Oc3ccc(C(c4ccc(Oc5ccc(N6C(=O)c7ccc([*])cc7C6=O)cc5C(F)(F)F)cc4)(C(F)(F)F)C(F)(F)F)cc3)c(C(F)(F)F)c1)C2=O,-9.663540266
112,[*]C(=O)c1ccc2c(c1)C(=O)N(c1ccc(Oc3ccc(C(c4ccc(Oc5ccc(N6Cc7ccc([*])cc7C6=O)cc5)cc4)(C(F)(F)F)C(F)(F)F)cc3)cc1)C2=O,-9.943095149
113,[*]C(=O)c1ccc2c(c1)C(=O)N(c1ccc(Oc3ccc(C(c4ccc(Oc5ccc(N6Cc7ccc([*])cc7C6=O)cc5C(F)(F)F)cc4)(C(F)(F)F)C(F)(F)F)cc3)c(C(F)(F)F)c1)C2=O,-9.568636236
114,[*]C(=O)c1ccc2c(c1)C(=O)N(c1ccc(Oc3ccc(N4C(=O)c5ccc([*])cc5C4=O)cc3)cc1)C2=O,-10.74232143
115,[*]C(=O)c1ccc2c(c1)C(=O)N(c1ccc(Oc3ccc(N4Cc5ccc([*])cc5C4=O)cc3)cc1)C2=O,-10.71896663
116,[*]C(=O)c1ccc2c(c1)C(=O)N(c1cccc(C(c3cccc(N4C(=O)c5ccc([*])cc5C4=O)c3)(C(F)(F)F)C(F)(F)F)c1)C2=O,-10.40893539
117,[*]C(=O)c1ccc2c(c1)C(=O)N(c1cccc(N3C(=O)c4ccc([*])cc4C3=O)c1)C2=O,-10.95078198
118,[*]C(=O)n1cnc2cc(Oc3ccc4ncn(C(=O)c5cccc(Oc6ccc(Oc7cccc([*])c7)cc6)c5)c4c3)ccc21,-10.63827216
119,[*]C(C(=O)OC(C)C)C([*])C(=O)OC(C)(C)C,-8.677780705
120,[*]C(C(=O)OC(C)C)C([*])C(=O)OC(C)CCC,-8.920818754
121,[*]C(C(=O)OC(C)C)C([*])C(=O)OC(C)CCC(C)C,-8.346787486
122,[*]C(C(=O)OC(C)CCC(C)C)C([*])C(=O)OC(C)(C)C,-8.30980392
123,[*]C(C(=O)OC(C)CCC)C([*])C(=O)OC(C)(C)C,-8.408935393
124,[*]C(C(=O)Oc1ccccc1)C([*])C(=O)OC(C)(C)C,-8.769551079
125,[*]C(C(=O)Oc1ccccc1)C([*])C(=O)OC(C)C,-9.096910013
126,[*]C(C)=C([*])C(C)C,-6.588380294
127,[*]C(C)=C([*])CCC,-8.408935393
128,[*]C(C)=C([*])CCCCC,-8.244125144
129,[*]C(C)=C([*])CCCCCC,-8.22184875
130,[*]C(C)=C([*])CCCCCCC,-8.13076828
131,[*]C(C)=C([*])CCCCCCCC,-8.148741651
132,[*]C(C)=C([*])SCC,-8.522878745
133,[*]C(C)=C([*])SCCCC,-8.102372909
134,[*]C(C)=C([*])SCCCCCC,-8.420216403
135,[*]C(C)=C([*])SCCCCCCCC,-8.301029996
136,[*]C(C)=C([*])SCCCCCCCCCC,-8.337242168
137,[*]C(C)=C([*])[Si](C)(C)C,-6.04769199
138,[*]C(C)=C([*])c1ccc([Si](C)(C)C)cc1,-6.920818754
139,[*]C(Cl)=C([*])c1ccccc1,-9.096910013
140,[*]C(F)(F)C(F)(F)C1(F)C(F)(F)C([*])(F)OC(F)(F)C1(F)F,-8.795880017
141,[*]C(F)(F)C(F)(F)CC1(F)OC(F)(F)OC1([*])OC(F)(F)F,-8.173925197
142,[*]C(F)(F)C([*])(F)F,-9.30980392
143,[*]C1=Nc2ccc(-n3c(=O)c4cc5c(=O)n(-c6ccc([*])cc6)c(=O)c5cc4c3=O)cc2C(=O)OC1,-11.08618615
144,[*]C1C([*])C2CC1C1C2C([Si](C)(C)C)C1[Si](C)(C)C,-6.623423043
145,[*]C1C([*])C2CC1C1CC([Si](C)(C)C)C21,-7.004364805
146,[*]C1C2CC(C1[*])C([Si](C)(C)C)C2,-7.076755981
147,[*]C=C([*])C(C)(C)C,-7.522878745
148,[*]C=CC1CC([*])C(C(F)(F)F)(C(F)(F)F)C1(F)F,-8.557520231
149,[*]C=CC1CC([*])C2C(=O)N(C34CC5CC(CC(C5)C3)C4)C(=O)C12,-9.798602876
150,[*]C=CC1CC([*])C2C(=O)N(C3CCCC3)C(=O)C12,-9.709965389
151,[*]C=CC1CC([*])C2C(=O)N(C3CCCCC3)C(=O)C12,-9.653647026
152,[*]C=CC1CC([*])C2C(=O)N(c3c(F)c(F)c(F)c(F)c3F)C(=O)C12,-9.216096421
153,[*]C=CC1CC([*])C2C(=O)N(c3cc(C(F)(F)F)cc(C(F)(F)F)c3)C(=O)C12,-8.869666232
154,[*]C=CC1CC([*])C2C(=O)N(c3ccccc3)C(=O)C12,-9.841637508
155,[*]C=CC1CC([*])C2C1C([Si](O[Si](C)(C)C)(O[Si](C)(C)C)O[Si](C)(C)C)C2[Si](O[Si](C)(C)C)(O[Si](C)(C)C)O[Si](C)(C)C,-7.530177984
156,[*]C=CC1CC([*])CC1CS(=O)(=O)c1ccc(C)cc1,-10.40893539
157,[*]C=CC1CC([*])CC1[Si](C)(C)C,-8.522878745
158,[*]C=CC1CC([*])CC1[Si](C)(C)C[Si](C)(C)C,-8.795880017
159,[*]C=CC1OC(C=CC2CC([*])C3C(=O)N(c4ccccc4)C(=O)C23)C2C(=O)N(c3c(F)c(F)c(F)c(F)c3F)C(=O)C12,-9.575118363
160,[*]C=CC1OC([*])C2C(=O)N(c3c(F)c(F)c(F)c(F)c3F)C(=O)C12,-9.449771647
161,[*]C=Cc1ccc([*])cc1[Si](C)(C)C(C)(C)C,-9.180456064
162,[*]C=Cc1ccc([*])cc1[Si](C)(C)CCCC,-9.187086643
163,[*]C=Cc1ccc([*])cc1[Si](C)(C)CCCCCCCC,-9.455931956
164,[*]C=Cc1ccc([*])cc1[Si](C)(C)CCCCCCCCCCCCCCCCCC,-8.920818754
165,[*]CC(C)O[*],-8.821023053
166,[*]CC(F)(F)C(F)(F)C1(F)OC(C(F)(F)F)(C(F)(F)F)OC1([*])F,-7.017728767
167,[*]CC([*])(C)C#N,-12.92081875
168,[*]CC([*])(C)C(=O)CC(F)(F)C(F)(F)C(F)(F)C(F)(F)C(F)(F)C(F)(F)C(F)(F)F,-8.522878745
169,[*]CC([*])(C)C(=O)OC,-11.1266794
170,[*]CC([*])(C)C(=O)OC(C)(C)C,-9.343901798
171,[*]CC([*])(C)C(=O)OCC,-9.730487056
172,[*]CC([*])(C)C(=O)OCCOCC,-9.838631998
173,[*]CC([*])(C)C(=O)OCCOCCOCC,-8.943095149
174,[*]CC([*])(C)C(=O)OCCOCCOCCOCC,-9.408935393
175,[*]CC([*])(C)c1ccccc1,-10.08618615
176,[*]CC([*])(Cl)Cl,-12.28399666
177,[*]CC([*])(F)F,-11.08301995
178,[*]CC([*])C,-9.698970004
179,[*]CC([*])C#N,-13.55284197
180,[*]CC([*])C(=O)CC(F)(F)C(F)(F)C(F)(F)C(F)(F)C(F)(F)C(F)(F)C(F)(F)F,-7.869666232
181,[*]CC([*])C(=O)OC,-9.974694135
182,[*]CC([*])C(=O)OCC,-8.721246399
183,[*]CC([*])C(=O)OCCCCCCCCCC,-8.322393047
184,[*]CC([*])C(=O)OCCCCCCCCCCCCCC,-8.243363892
185,[*]CC([*])CC(C)C,-8.477555766
186,[*]CC([*])Cl,-11.32239305
187,[*]CC([*])F,-11.7235382
188,[*]CC([*])OC(=O)C1CCCCC1,-9.657577319
189,[*]CC([*])OC(=O)c1ccc(C)cc1,-9.764471553
190,[*]CC([*])OC(=O)c1cccc(C)c1,-10.30451832
191,[*]CC([*])OC(=O)c1ccccc1C,-10.32790214
192,[*]CC([*])OC(C)=O,-10.31158018
193,[*]CC([*])OC1C2CC3CC(C2)CC1C3,-9.221125528
194,[*]CC([*])OC1CC2CC1C1CCCC21,-9.514278574
195,[*]CC([*])OC1CC2CCC1C2,-9.449771647
196,[*]CC([*])OC1CCCCC1,-9.432973634
197,[*]CC([*])OCC1CC2CC1C1CCCC21,-10.09151498
198,[*]CC([*])OCC1CCCCC1,-9.809668302
199,[*]CC([*])OCc1ccccc1,-9.632644079
200,[*]CC([*])[Si](C)(C)C,-8.356547324
201,[*]CC([*])[Si](C)(C)c1ccccc1,-9.607303047
202,[*]CC([*])c1ccc(Br)cc1,-9.721246399
203,[*]CC([*])c1ccc(C(C)(C)C)cc1,-8.449771647
204,[*]CC([*])c1ccc(C)cc1,-9.142667504
205,[*]CC([*])c1ccc(C[Si](C)(C)C)cc1,-8.853871964
206,[*]CC([*])c1ccc(Cl)cc1,-9.920818754
207,[*]CC([*])c1ccc(F)cc1,-9.356547324
208,[*]CC([*])c1ccc(O)cc1,-10.92081875
209,[*]CC([*])c1ccc(OC(C)=O)cc1,-9.508638306
210,[*]CC([*])c1ccc(OC)cc1,-9.585026652
211,[*]CC([*])c1ccc([Si](C)(C)C)cc1,-8.251811973
212,[*]CC([*])c1ccc([Si](C)(C)CCC(F)(F)F)cc1,-8.419075024
213,[*]CC([*])c1ccccc1,-9.638272164
214,[*]CC([*])c1ccncc1,-10.07572071
215,[*]CC1CC([*])OCO1,-11.61978876
216,[*]CCC(F)(Cl)C([*])(F)F,-10.81815641
217,[*]CCC(F)(F)C([*])(F)F,-10.27408837
218,[*]CCC1CC([*])C2C1C([Si](O[Si](C)(C)C)(O[Si](C)(C)C)O[Si](C)(C)C)C2[Si](O[Si](C)(C)C)(O[Si](C)(C)C)O[Si](C)(C)C,-7.657577319
219,[*]CCCCCCCC[Si](C)(C)O[Si]([*])(C)C,-7.625251654
220,[*]CCCCCC[Si](C)(C)O[Si]([*])(C)C,-7.576754126
221,[*]CCCCCNC(=O)CCCCCC([*])=O,-11.46852108
222,[*]CCCCCNC([*])=O,-11.4202164
223,[*]CCCCCOC([*])=O,-9.779891912
224,[*]CCC[Si]([*])(C)C,-9.022276395
225,[*]CC[Si](C)(C)O[Si]([*])(C)C,-7.404503778
226,[*]CC[Si](C)(C)c1ccc([Si](C)(C)CC[Si]([*])(C)C)cc1,-9.954677021
227,[*]CCc1c(Cl)cc([*])cc1Cl,-10.74232143
228,[*]CCc1ccc([*])cc1,-10.67366414
229,[*]CCc1ccc([*])cc1Br,-11.61798296
230,[*]CCc1ccc([*])cc1C,-11.24260397
231,[*]CCc1ccc([*])cc1C#N,-11.04383157
232,[*]CCc1ccc([*])cc1CC,-10.30103
233,[*]CCc1ccc([*])cc1Cl,-11.34872199
234,[*]CN1C(=O)c2ccc(C(c3ccc4c(c3)C(=O)N(Cc3ccc(-c5cc(C)c(-c6ccc([*])cc6C)cc5C)c(C)c3)C4=O)C(F)(F)F)cc2C1=O.CC(F)(F)F,-9.142667504
235,[*]CN1C(=O)c2ccc(S(=O)(=O)c3ccc4c(c3)C(=O)N(c3cc5c(cc3C)-c3cc(C)c([*])cc3S5(=O)=O)C4=O)cc2C1=O,-9.482804102
236,[*]COCC([*])O,-12.4202164
237,[*]COC[*],-10.16749109
238,[*]CO[*],-11.04575749
239,[*]COc1c(Br)cc(C(c2cc(Br)c(OC(=O)c3cccc(C([*])=O)c3)c(Br)c2)(C(F)(F)F)C(F)(F)F)cc1Br,-9.170696227
240,[*]C[*],-9.549750892
241,[*]C[Si]([*])(C)C,-8.004364805
242,[*]Cc1cc(C)c(-n2c(=O)c3cc4c(=O)n(-c5c(C)cc([*])cc5C)c(=O)c4cc3c2=O)c(C)c1,-8.562249437
243,[*]Cc1cc(C)c(N2C(=O)c3ccc(-c4ccc5c(c4)C(=O)N(c4c(C)cc([*])cc4C)C5=O)cc3C2=O)c(C)c1,-9.325138859
244,[*]Cc1cc(C)c(N2C(=O)c3ccc(C(c4ccc5c(c4)C(=O)N(c4c(C)cc([*])cc4C)C5=O)(C(F)(F)F)C(F)(F)F)cc3C2=O)c(C)c1,-8.987162775
245,[*]Cc1cc(C)c(Oc2ccc(C(C)(C)c3ccc(Oc4c(C)cc([*])cc4C)cc3)cc2)c(C)c1,-9.48148606
246,[*]Cc1cc(C)c(Oc2ccc(S(=O)(=O)c3ccc(Oc4c(C)cc([*])cc4C)cc3)cc2)c(C)c1,-9.40560745
247,[*]Cc1ccc(N2C(=O)c3ccc(C(c4ccc5c(c4)C(=O)N(c4ccc([*])cc4C)C5=O)(C(F)(F)F)C(F)(F)F)cc3C2=O)c(C)c1,-9.600326279
248,[*]Cc1ccc(N2C(=O)c3ccc(Oc4ccc(Oc5ccc6c(c5)C(=O)N(c5ccc([*])cc5C)C6=O)cc4)cc3C2=O)c(C)c1,-10.44611697
249,[*]N=P([*])(C)C,-9.452225295
250,[*]N=P([*])(C)c1ccccc1,-9.744727495
251,[*]N=P([*])(OCC(C)(C)C)OC(C)(C)C,-8.812479279
252,[*]N=P([*])(OCC(C)C)OC(C)C,-8.062482108
253,[*]N=P([*])(OCC(C)CC)OC(C)CC,-8.390405591
254,[*]N=P([*])(OCC(F)(F)F)OCC(F)(F)F,-7.935542011
255,[*]N=P([*])(OCCC)OCCCC,-7.89279003
256,[*]N=P([*])(Oc1ccc(Br)cc1)Oc1ccc(Br)cc1,-10.04095861
257,[*]N=P([*])(Oc1ccc(C(C)(C)C)cc1)Oc1ccc(C(C)(C)C)cc1,-9.086186148
258,[*]N=P([*])(Oc1ccccc1)Oc1ccccc1,-9.66756154
259,[*]NC(=O)c1cc(C(c2ccc(C(=O)O)c(C(=O)Nc3cc(Oc4ccc(N)c([*])c4)ccc3N)c2)(C(F)(F)F)C(F)(F)F)ccc1C(=O)O,-10.01322827
260,[*]NC(=O)c1ccc(Oc2cc(C(C)(C)C)c(Oc3ccc(C(=O)Nc4c(C)cc(Cc5cc(C)c([*])c(C(C)C)c5)cc4C(C)C)cc3)cc2C(C)(C)C)cc1,-9.189095719
261,[*]Nc1ccc(C(c2ccc(NC(=O)c3cc(C([*])=O)cc(-c4ccccc4)c3)cc2)(C(F)(F)F)C(F)(F)F)cc1,-9.259637311
262,[*]Nc1ccc(C(c2ccc(NC(=O)c3cccc(C([*])=O)c3)cc2)(C(F)(F)F)C(F)(F)F)cc1,-9.619788758
263,[*]Nc1ccc(C2(c3ccc(NC(=O)c4ccc(C([*])=O)cc4)cc3)c3ccccc3-c3ccccc32)cc1,-9.522878745
264,[*]Nc1ccc(C2(c3ccc(NC(=O)c4cccc(C([*])=O)c4)cc3)c3ccccc3-c3ccccc32)cc1,-9.920818754
265,[*]Nc1ccc(Cc2ccc(NC(=O)c3cccc(C([*])=O)c3)cc2)cc1,-11.16115091
266,[*]Nc1ccc(Oc2ccc(N3C(=O)c4ccc(C(=O)Nc5cccc(N6C(=O)c7ccc(C(=O)Nc8ccc(Oc9ccc(N%10C(=O)c%11ccc(C([*])=O)cc%11C%10=O)cc9)cc8)cc7C6=O)c5)cc4C3=O)cc2)cc1,-10.67366414
267,[*]Nc1ccc(S(=O)(=O)c2ccc(NC(=O)c3cc(C([*])=O)cc(-c4ccccc4)c3)cc2)cc1,-10.12493874
268,[*]Nc1ccc(S(=O)(=O)c2ccc(NC(=O)c3cccc(C([*])=O)c3)cc2)cc1,-10.7212464
269,[*]Nc1ccc([*])cc1,-10.7212464
270,[*]Nc1cccc(NC(=O)c2ccc(C(c3ccc(C([*])=O)cc3)(C(F)(F)F)C(F)(F)F)cc2)c1,-9.657577319
271,[*]OC(=O)Oc1ccc(C(=O)Oc2ccc3c(c2)C2(Cc4cc([*])ccc4C2(C)C)CC3(C)C)cc1,-9.274905479
272,[*]OC(=O)Oc1ccc2c(c1)C1(CC(C)(C)c3ccc([*])cc31)CC2(C)C,-9.15490196
273,[*]OC(=O)c1cc(C(=O)COc2c(Br)cc3c(c2Br)C(=C)OC32c3cc(Br)c([*])c(Br)c32)cc(C(C)(C)C)c1,-9.130181792
274,[*]OC(=O)c1ccc(C(=O)Oc2ccc3c(c2)C2(CC(C)(C)c4ccc([*])cc42)CC3(C)C)cc1,-8.872895202
275,[*]OC(=O)c1ccc(C(=O)Oc2ccc3c(c2)C2(Cc4ccc([*])cc4C2(C)C)CC3(C)C)cc1,-8.872895202
276,[*]OC(=O)c1cccc(C(=O)COc2c(Br)cc3c(c2Br)C(=C)OC32c3cc(Br)c([*])c(Br)c32)c1,-9.707743929
277,[*]OC(=O)c1cccc(C(=O)Oc2c(C)cc(C(C)(C)c3cc(C)c([*])c(Br)c3)cc2Br)c1,-9.818156412
278,[*]OC(=O)c1cccc(C(=O)Oc2ccc3c(c2)C2(Cc4ccc([*])cc4C2(C)C)CC3(C)C)c1,-9.274905479
279,[*]OC(C)C([*])=O,-9.48148606
280,[*]OC1C(COC(C)=O)OC(OC2C(COC(C)=O)OC([*])C(OC(C)=O)C2O)C(OC(C)=O)C1O,-9.978810701
281,[*]OC1C(COC(C)=O)OC([*])C(O)C1OC(C)=O,-10.09691001
282,[*]OC1C(COCC)OC([*])C(O)C1O,-8.823908741
283,[*]OC1C(CO[N+](=O)[O-])OC([*])C(O[N+](=O)[O-])C1O[N+](=O)[O-],-10.22184875
284,[*]OCC(=O)c1cccc(C(=O)Oc2c(Br)cc3c(c2Br)-c2cc(Br)c([*])c(Br)c2C3(C)C)c1,-9.315154638
285,[*]OCCOC(=O)c1ccc(C([*])=O)cc1,-11.14206474
286,[*]OCCOC(=O)c1ccc2cc(C([*])=O)ccc2c1,-11.7235382
287,[*]OCCOC(=O)c1cccc(C([*])=O)c1,-11.82390874
288,[*]OOc1c2c(c([*])c3c1C1c4ccccc4C3c3ccccc31)C1c3ccccc3C2c2ccccc21,-8.581698709
289,[*]OOc1ccc(C(c2ccc(OC(=O)c3cccc(C([*])=O)c3)cc2)(C(F)(F)F)C(F)(F)F)cc1,-9.281498311
290,[*]OOc1ccc([*])c2c1C1c3ccccc3C2c2ccccc21,-8.707743929
291,[*]OOc1ccc2cc([*])ccc2c1,-10.4202164
292,[*]OOc1ccc2ccc([*])cc2c1,-10.30103
293,[*]OOc1cccc2c([*])cccc12,-10.37675071
294,[*]O[Si](C)(C)c1ccc([Si]([*])(C)C)cc1,-8.958607315
295,[*]O[Si](C)(C)c1cccc([Si]([*])(C)C)c1,-8.13076828
296,[*]O[Si]([*])(C)C,-7.258848401
297,[*]O[Si]([*])(C)CC,-7.478861916
298,[*]O[Si]([*])(C)CCC,-7.404503778
299,[*]O[Si]([*])(C)CCC(F)(F)F,-7.698970004
300,[*]O[Si]([*])(C)CCCCCC,-7.627087997
301,[*]O[Si]([*])(C)CCCCCCCC,-7.707743929
302,[*]O[Si]([*])(C)c1ccccc1,-8.540607512
303,[*]Oc1c(-c2ccccc2)cc([*])cc1-c1ccccc1,-9.164309429
304,[*]Oc1c(Br)cc(C(c2cc(Br)c(OC([*])=O)c(Br)c2)(C(F)(F)F)C(F)(F)F)cc1Br,-9.013228266
305,[*]Oc1c(Br)cc(C2(c3cc(Br)c(OC(=O)c4cccc(C([*])=O)c4)c(Br)c3)OC(=O)c3ccccc32)cc1Br,-9.707743929
306,[*]Oc1c(Br)cc(C2(c3cc(Br)c(OC(=O)c4cccc(C([*])=O)c4)c(Br)c3)c3ccccc3-c3ccccc32)cc1Br,-9.316052869
307,[*]Oc1c(C)cc([*])cc1C,-8.821023053
308,[*]Oc1ccc(-c2ccc(N3C(=O)c4ccc(C(c5ccc6c(c5)C(=O)N(c5ccc(-c7ccc(Oc8ccc9c(c8)C(C)(C)CC98CC(C)(C)c9cc([*])ccc98)c(C(F)(F)F)c7)cc5)C6=O)(C(F)(F)F)C(F)(F)F)cc4C3=O)cc2)cc1C(F)(F)F,-8.442492798
309,[*]Oc1ccc(-c2ccc(N3C(=O)c4ccc(Oc5ccc(C(c6ccc(Oc7ccc8c(c7)C(=O)N(c7ccc(-c9ccc(Oc%10ccc%11c(c%10)C(C)(C)CC%11%10CC(C)(C)c%11cc([*])ccc%11%10)c(C(F)(F)F)c9)cc7)C8=O)cc6)(C(F)(F)F)C(F)(F)F)cc5)cc4C3=O)cc2)cc1C(F)(F)F,-9.003488328
310,[*]Oc1ccc(-c2ccc(N3C(=O)c4ccc(Oc5ccc6c(c5)C(=O)N(c5ccc(-c7ccc(Oc8ccc9c(c8)C(C)(C)CC98CC(C)(C)c9cc([*])ccc98)c(C(F)(F)F)c7)cc5)C6=O)cc4C3=O)cc2)cc1C(F)(F)F,-8.882728704
311,[*]Oc1ccc(-c2ccc(Oc3c(F)c(F)c(COC(c4cccc(C(OCc5c(F)c(F)c([*])c(F)c5F)(C(F)(F)F)C(F)(F)F)c4)(C(F)(F)F)C(F)(F)F)c(F)c3F)cc2)cc1,-9.602059991
312,[*]Oc1ccc(C(=C(Cl)Cl)c2ccc(OC([*])=O)cc2)cc1,-9.853871964
313,[*]Oc1ccc(C(=O)Nc2ccc(C(C)(C)c3ccc(NC(=O)c4ccc(Oc5cc(C(C)(C)C)c([*])cc5C(C)(C)C)cc4)cc3)cc2)cc1,-9.507239611
314,[*]Oc1ccc(C(=O)Nc2ccc(C(c3ccc(NC(=O)c4ccc(Oc5cc(C(C)(C)C)c([*])cc5C(C)(C)C)cc4)cc3)(C(F)(F)F)C(F)(F)F)cc2)cc1,-9.103473783
315,[*]Oc1ccc(C(=O)c2ccc(-c3cc(C(C)(C)C)c(-c4ccc(-c5ccc([*])cc5C(C)(C)C)cc4C(C)(C)C)cc3C(C)(C)C)cc2)cc1,-9.659555885
316,[*]Oc1ccc(C(=O)c2ccc(-c3ccc([*])cc3C(C)(C)C)cc2)cc1,-9.8569852
317,[*]Oc1ccc(C(=O)c2ccc(Oc3cc(C)c(C4(c5cc(C(C)C)c([*])cc5C)OC(=O)c5ccccc54)cc3C(C)C)cc2)cc1,-9.314258261
318,[*]Oc1ccc(C(=O)c2ccc(Oc3ccc([*])cc3-c3cc(C)cc(C)c3)cc2)cc1,-10.48148606
319,[*]Oc1ccc(C(=O)c2ccc(Oc3ccc([*])cc3-c3cccc(C)c3)cc2)cc1,-10.69897
320,[*]Oc1ccc(C(Cl)(Cl)c2ccc(OC([*])=O)cc2)cc1,-9.853871964
321,[*]Oc1ccc(C(c2ccc(OC(=O)c3ccc(-c4ccc(C([*])=O)cc4)cc3)cc2)(C(F)(F)F)C(F)(F)F)cc1,-9.13076828
322,[*]Oc1ccc(C(c2ccc(OC(=O)c3ccc(C([*])=O)cc3)cc2)(C(F)(F)F)C(F)(F)F)cc1,-8.928117993
323,[*]Oc1ccc(C(c2ccc(OC(=O)c3ccc4c(c3)-c3nc5ccc(-c6ccc7c(c6)nc6n7C(=O)c7cc(C([*])=O)ccc7-6)cc5n3C4=O)cc2)(C(F)(F)F)C(F)(F)F)cc1,-10.01010544
324,[*]Oc1ccc(C(c2ccc(OC(=O)c3ccc4c(c3)C(=O)N(c3ccc(-c5ccc(N6C(=O)c7ccc(C([*])=O)cc7C6=O)cc5)cc3)C4=O)cc2)(C(F)(F)F)C(F)(F)F)cc1,-10.45842076
325,[*]Oc1ccc(C(c2ccc(OC(=O)c3ccc4c(c3)C(=O)N(c3ccc(Cc5ccc(N6C(=O)c7ccc(C([*])=O)cc7C6=O)cc5)cc3)C4=O)cc2)(C(F)(F)F)C(F)(F)F)cc1,-10.03763066
326,[*]Oc1ccc(C(c2ccc(OC(=O)c3ccc4c(c3)C(=O)N(c3ccc(N5C(=O)c6ccc(C([*])=O)cc6C5=O)cc3)C4=O)cc2)(C(F)(F)F)C(F)(F)F)cc1,-10.60032628
327,[*]Oc1ccc(C(c2ccc(OC(=O)c3ccc4c(c3)C(=O)c3cc(C([*])=O)ccc3-4)cc2)(C(F)(F)F)C(F)(F)F)cc1,-9.142667504
328,[*]Oc1ccc(C(c2ccc(OC(=O)c3cccc(C([*])=O)c3)cc2)(C(F)(F)F)C(F)(F)F)cc1,-9.37675071
329,[*]Oc1ccc(C(c2ccc(OC([*])=O)cc2)(C(F)(F)F)C(F)(F)F)cc1,-9.161150909
330,[*]Oc1ccc(C(c2ccc(Oc3c(F)c(F)c(COC(c4ccc(C(OCc5c(F)c(F)c([*])c(F)c5F)(C(F)(F)F)C(F)(F)F)cc4)(C(F)(F)F)C(F)(F)F)c(F)c3F)cc2)(C(F)(F)F)C(F)(F)F)cc1,-9.420216403
331,[*]Oc1ccc(C2(c3ccc(OC(=O)c4cccc(C([*])=O)c4)cc3)OC(=O)c3ccccc32)cc1,-9.818156412
332,[*]Oc1ccc(C2(c3ccc(OC(=O)c4cccc(C([*])=O)c4)cc3)c3ccccc3-c3ccccc32)cc1,-9.458420756
333,[*]Oc1ccc(C2(c3ccc(OC([*])=O)cc3)CC3CCC2C3)cc1,-9.619788758
334,[*]Oc1ccc(C2(c3ccc(OC([*])=O)cc3)CCCCC2)cc1,-10.22184875
335,[*]Oc1ccc(C2(c3ccc(OC([*])=O)cc3)c3ccccc3-c3ccccc32)cc1,-9.49757288
336,[*]Oc1ccc(C2(c3ccc(Oc4ccc(C([*])=O)cc4)cc3)OC(=O)c3ccccc32)cc1,-9.66756154
337,[*]Oc1ccc(Cc2ccc(Oc3c(F)c(F)c(COC(c4ccc(C(OCc5c(F)c(F)c([*])c(F)c5F)(C(F)(F)F)C(F)(F)F)cc4)(C(F)(F)F)C(F)(F)F)c(F)c3F)cc2)cc1,-9.638272164
338,[*]Oc1ccc(N)c(NC(=O)c2cc(C(c3ccc(C(=O)Nc4ccc([*])cc4N)c(C(=O)O)c3)(C(F)(F)F)C(F)(F)F)ccc2C(=O)O)c1,-10.01322827
339,[*]Oc1ccc(N2C(=O)C3=C(C2=O)C2C=CC3C3=C2C(=O)N(c2ccc([*])c(OC)c2)C3=O)cc1OC,-10.43179828
340,[*]Oc1ccc(N2C(=O)c3ccc(Oc4ccc5c(c4)C(=O)N(c4ccc([*])c(OC)c4)C5=O)cc3C2=O)cc1OC,-10.7212464
341,[*]Oc1ccc(Oc2ccc3c(c2)C(=O)N(c2ccc(Cc4ccc(N5C(=O)c6ccc([*])cc6C5=O)cc4)cc2)C3=O)cc1,-10.61618463
342,[*]Oc1ccc(Oc2ccc3c(c2)C(=O)N(c2ccc(Oc4ccc(N5C(=O)c6ccc([*])cc6C5=O)cc4)cc2)C3=O)cc1,-10.66554625
343,[*]Oc1ccc(Oc2ccc3c(c2)C(=O)N(c2ccc(Oc4ccc(Oc5ccc(N6C(=O)c7ccc([*])cc7C6=O)cc5)cc4)cc2)C3=O)cc1,-10.39794001
344,[*]Oc1ccc(Oc2ccc3c(c2)C(=O)N(c2cccc(N4C(=O)c5ccc([*])cc5C4=O)c2)C3=O)cc1,-10.82681373
345,[*]Oc1ccc(Oc2cccc([*])c2C#N)c(-c2cc(C(F)(F)F)cc(C(F)(F)F)c2)c1,-9.180456064
346,[*]Oc1ccc(Oc2cccc([*])c2C#N)c(-c2cccc(C(F)(F)F)c2)c1,-10.06048075
347,[*]Oc1ccc(S(=O)(=O)c2ccc(Oc3c(C)cc(-c4cc(C)c([*])c(C)c4C)c(C)c3C)cc2)cc1,-9.22184875
348,[*]Oc1ccc(S(=O)(=O)c2ccc(Oc3cc(C)c(C(c4cc(C(C)C)c([*])cc4C)c4ccccc4C(=O)O)cc3C(C)C)cc2)cc1,-9.343901798
349,[*]Oc1ccc(S(=O)(=O)c2ccc(Oc3cc(C)c(C4(c5cc(C(C)C)c([*])cc5C)OC(=O)c5ccccc54)cc3C(C)C)cc2)cc1,-9.314258261
350,[*]Oc1ccc([*])cc1,-8.801342913
351,[*]Oc1ccc2c(c1)C(=O)N(c1c(C)c(C)c(N3C(=O)c4ccc(Oc5c(C)ccc(C)c5[*])cc4C3=O)c(C)c1C)C2=O,-8.958607315
352,[*]Oc1ccc2c(c1)C(=O)N(c1c(C)c(C)c(N3C(=O)c4ccc(Oc5cc(C(C)(C)C)cc(C)c5[*])cc4C3=O)c(C)c1C)C2=O,-8.886056648
353,[*]Oc1ccc2c(c1)C(=O)N(c1c(C)c(C)c(N3C(=O)c4ccc(Oc5cc(C)c([*])c(C)c5C)cc4C3=O)c(C)c1C)C2=O,-8.48148606
354,[*]Oc1ccc2c(c1)C(=O)N(c1c(C)c(C)c(N3C(=O)c4ccc(Oc5cc(C)ccc5[*])cc4C3=O)c(C)c1C)C2=O,-9.455931956
355,[*]Oc1ccc2c(c1)C(=O)N(c1c(C)c(C)c(N3C(=O)c4ccc(Oc5cccc(C)c5[*])cc4C3=O)c(C)c1C)C2=O,-9.318758763
356,[*]Oc1ccc2c(c1)C(=O)N(c1cc(C)c(C)c(N3C(=O)c4ccc(Oc5cc(C)ccc5[*])cc4C3=O)c1C)C2=O,-9.408935393
357,[*]Oc1ccc2c(c1)C(=O)N(c1ccc(-c3ccc(Oc4ccc(C5(c6ccc(Oc7ccc(-c8ccc(N9C(=O)c%10ccc([*])cc%10C9=O)cc8)cc7C(F)(F)F)cc6)C(=O)N(c6ccccc6)c6ccccc65)cc4)c(C(F)(F)F)c3)cc1)C2=O,-9.374687549
358,[*]Oc1ccc2c(c1)C(=O)N(c1ccc(-c3ccc(Oc4ccc(C5(c6ccc(Oc7ccc(-c8ccc(N9C(=O)c%10ccc([*])cc%10C9=O)cc8)cc7C(F)(F)F)cc6)c6ccccc6-c6ccccc65)cc4)c(C(F)(F)F)c3)cc1)C2=O,-9.104577454
359,[*]Oc1ccc2c(c1)C(=O)N(c1ccc(C(c3ccc(N4C(=O)c5ccc(Oc6cc(C)c([*])c(C)c6C)cc5C4=O)cc3)(C(F)(F)F)C(F)(F)F)cc1)C2=O,-9.031517051
360,[*]Oc1ccc2c(c1)C(=O)N(c1ccc(Cc3ccc(N4C(=O)c5ccc([*])cc5C4=O)cc3)cc1)C2=O,-10.58335949
361,[*]Oc1ccc2c(c1)C(=O)N(c1ccc(N(c3ccccc3)c3ccc(N4C(=O)c5ccc([*])cc5C4=O)cc3)cc1)C2=O,-10.11918641
362,[*]Oc1ccc2c(c1)C(=O)N(c1ccc(Oc3ccc(N4C(=O)c5ccc([*])cc5C4=O)cc3)cc1)C2=O,-10.73754891
363,[*]Oc1ccc2c(c1)C(=O)N(c1ccc(Oc3ccc(N4C(=O)c5ccc([*])cc5C4=O)cc3C(F)(F)F)c(C(F)(F)F)c1)C2=O,-10.21467016
364,[*]Oc1ccc2c(c1)C(=O)N(c1cccc(N3C(=O)c4ccc(Oc5ccc6c(c5)C5(CC(C)(C)c7ccc([*])cc75)CC6(C)C)cc4C3=O)c1)C2=O,-9.860120914
365,[*]Oc1ccc2c(c1)C(=O)N(c1cccc(N3C(=O)c4ccc(Oc5ccc6c(c5)C5(Cc7ccc([*])cc7C5(C)C)CC6(C)C)cc4C3=O)c1)C2=O,-9.866461092
366,[*]Oc1ccc2c(c1)C(=O)N(c1cccc(N3C(=O)c4ccc([*])cc4C3=O)c1)C2=O,-11.09151498
367,[*]Oc1ccc2c(c1)C(=O)n1c-2nc2ccc(Oc3ccc4c(c3)nc3n4C(=O)c4cc([*])ccc4-3)cc21,-10.65364703
368,[*]Oc1ccc2nc(-c3ccccc3)c(-c3ccc(-c4nc5cc([*])ccc5nc4-c4ccccc4)cc3)nc2c1,-9.705533774
369,[*]Oc1ccc2nc3c4cc5c(cc4c(=O)n3c2c1)c(=O)n1c2ccc([*])cc2nc51,-10.85387196
370,[*]Oc1cccc(Oc2ccc([*])cc2-c2cc(C)cc(C)c2)c1C#N,-10.02687215
371,[*]Oc1cccc(Oc2ccc([*])cc2-c2cccc(C)c2)c1C#N,-10.34678749
372,[*]Sc1ccc([*])cc1,-10.63827216
373,[*]Sc1ccc2c(c1)C(=O)N(c1ccc(Cc3ccc(N4C(=O)c5ccc([*])cc5C4=O)cc3)cc1)C2=O,-10.60906489
374,[*]Sc1ccc2c(c1)C(=O)N(c1ccc(Oc3ccc(N4C(=O)c5ccc([*])cc5C4=O)cc3)cc1)C2=O,-9.962573502
375,[*]Sc1cccc2c1C(=O)N(c1ccc(Oc3ccc(N4C(=O)c5cccc([*])c5C4=O)cc3)cc1)C2=O,-9.517126416
376,[*]c1c(C)c(C)c(-n2c(=O)c3cc4oc5cc6c(cc5oc4cc3c2=O)C2(C(C)C)C3=CC4Oc5cc7c(cc5OC4C=C3C6(C(C)C)c3ccccc32)C(=O)N([*])C7=O)c(C)c1C,-7.08249449
377,[*]c1c(C)c(C)c(-n2c(=O)c3cc4oc5cc6c(cc5oc4cc3c2=O)C2(C(C)C)c3cc4oc5cc7c(=O)n([*])c(=O)c7cc5oc4cc3C23c2ccccc2C63C(C)C)c(C)c1C,-7.202732459
378,[*]c1c(C)c(C)c(-n2c(=O)c3cc4oc5cc6c(cc5oc4cc3c2=O)C2(CC(C)(C)c3cc4oc5cc7c(=O)n([*])c(=O)c7cc5oc4cc32)CC6(C)C)c(C)c1C,-7.823908741
379,[*]c1c(C)c(C)c(N2C(=O)c3cc4c(cc3C2=O)C2(CC(C)(C)c3cc5c(cc32)C(=O)N([*])C5=O)CC4(C)C)c(C)c1C,-7.140861703
380,[*]c1c(C)c(C)c(N2C(=O)c3ccc(C(=O)c4ccc5c(c4)C(=O)N([*])C5=O)cc3C2=O)c(C)c1C,-8.928117993
381,[*]c1c(C)c(C)c(N2C(=O)c3ccc(C(c4ccc5c(c4)C(=O)N([*])C5=O)(C(F)(F)F)C(F)(F)F)cc3C2=O)c(C)c1C,-7.954677021
382,[*]c1c(C)c(C)c(N2C(=O)c3ccc(Oc4ccc(C(C)(C)C)cc4Oc4ccc5c(c4)C(=O)N([*])C5=O)cc3C2=O)c(C)c1C,-8.920818754
383,[*]c1c(C)c(C)cc(N2C(=O)c3ccc(Oc4ccc(C(C)(C)C)cc4Oc4ccc5c(c4)C(=O)N([*])C5=O)cc3C2=O)c1C,-8.958607315
384,[*]c1c(C)c2c(c(N3C(=O)c4ccc(-c5ccc6c(c5)C(=O)N([*])C6=O)cc4C3=O)c1C)C(C)(C)CC2,-8.078833949
385,[*]c1c(C)c2c(c(N3C(=O)c4ccc(C(=O)c5ccc6c(c5)C(=O)N([*])C6=O)cc4C3=O)c1C)C(C)(C)CC2,-8.42945706
386,[*]c1c(C)c2c(c(N3C(=O)c4ccc(C(c5ccc6c(c5)C(=O)N([*])C6=O)(C(F)(F)F)C(F)(F)F)cc4C3=O)c1C)C(C)(C)CC2,-7.70333481
387,[*]c1c(C)c2c(c(N3C(=O)c4ccc(Oc5ccc6c(c5)C(=O)N([*])C6=O)cc4C3=O)c1C)C(C)(C)CC2,-8.35753548
388,[*]c1c(C)cc(-c2cc(C)c(N3C(=O)c4cc5c(cc4C3=O)C3(C(C)C)c4ccc(cc4)C5(C(C)C)c4cc5c(cc43)C(=O)N([*])C5=O)c3ccccc23)c2ccccc12,-7.226213555
389,[*]c1c(C)cc(-c2cc(C)c(N3C(=O)c4cc5c(cc4C3=O)C3(C)c4ccc(cc4)C5(C)c4cc5c(cc43)C(=O)N([*])C5=O)c3ccccc23)c2ccccc12,-7.106238238
390,[*]c1c(C)cc(-c2cc(C)c(N3C(=O)c4cc5c(cc4C3=O)C3(CC(C)(C)c4cc6c(cc43)C(=O)N([*])C6=O)CC5(C)C)c3ccccc23)c2ccccc12,-7.193820026
391,[*]c1c(C)cc(-c2cccc3c(-n4c(=O)c5cc6oc7cc8c(cc7oc6cc5c4=O)C4(CC(C)(C)c5cc6oc7cc9c(=O)n([*])c(=O)c9cc7oc6cc54)CC8(C)C)c(C)ccc23)c2ccccc12,-7.263603498
392,[*]c1c(C)cc(C)c(-n2c(=O)c3cc4c(=O)n([*])c(=O)c4cc3c2=O)c1C,-8.440093375
393,[*]c1c(C)cc(C)c(N2C(=O)c3ccc(-c4ccc5c(c4)C(=O)N([*])C5=O)cc3C2=O)c1C,-8.476253533
394,[*]c1c(C)cc(C)c(N2C(=O)c3ccc(C(=O)c4ccc5c(c4)C(=O)N([*])C5=O)cc3C2=O)c1C,-9.181774106
395,[*]c1c(C)cc(C)c(N2C(=O)c3ccc(C(c4ccc5c(c4)C(=O)N([*])C5=O)(C(F)(F)F)C(F)(F)F)cc3C2=O)c1C,-7.987162775
396,[*]c1c(C)cc(C)c(N2C(=O)c3ccc(Oc4ccc(Oc5ccc6c(c5)C(=O)N([*])C6=O)cc4)cc3C2=O)c1C,-9.354577731
397,[*]c1c(C)cc(C)c(N2C(=O)c3ccc(S(=O)(=O)c4ccc5c(c4)C(=O)N([*])C5=O)cc3C2=O)c1C,-9.244887734
398,[*]c1c(C)cc(C)c(N2C(=O)c3ccc(Sc4ccc5c(c4)C(=O)N([*])C5=O)cc3C2=O)c1C,-9.086186148
399,[*]c1c(C)cc2c(c1C)CN1CN2Cc2c1cc(C)c(-n1c(=O)c3cc4c(=O)n([*])c(=O)c4cc3c1=O)c2C,-6.966576245
400,[*]c1c(C)cc2c(c1C)CN1CN2Cc2c1cc(C)c(N1C(=O)c3cc4c(cc3C1=O)C1(CC(C)(C)c3cc5c(cc31)C(=O)N([*])C5=O)CC4(C)C)c2C,-6.946921557
401,[*]c1c(C)cc2c(c1C)CN1CN2Cc2c1cc(C)c(N1C(=O)c3cc4c(cc3C1=O)C1(c3ccccc3-c3cc5c(cc31)C(=O)N([*])C5=O)c1ccccc1-4)c2C,-7.026410377
402,[*]c1c(C)cc2c(c1C)CN1CN2Cc2c1cc(C)c(N1C(=O)c3ccc(C(c4ccc5c(c4)C(=O)N([*])C5=O)(C(F)(F)F)C(F)(F)F)cc3C1=O)c2C,-7.389339837
403,[*]c1cc(-c2nc3ccc(-c4ccc5[nH]c(-c6ccc(C([*])(C(F)(F)F)C(F)(F)F)cc6)nc5c4)cc3[nH]2)cc(C(C)(C)C)c1,-10.22184875
404,[*]c1cc(-c2nc3ccc(-c4ccc5[nH]c([*])nc5c4)cc3[nH]2)cc(C(C)(C)C)c1,-10.37675071
405,[*]c1cc(Br)c(OC(=O)Oc2c(Br)cc(C([*])(C)C)cc2Br)c(Br)c1,-9.254144805
406,[*]c1cc(Br)c(OC(=O)c2cccc(C(=O)Oc3c(Br)cc(C([*])(C)C)cc3Br)c2)c(Br)c1,-9.474955193
407,[*]c1cc(Br)c(OCC(=O)c2cccc(C(=O)Oc3c(Br)cc(C([*])(C)C)cc3Br)c2)c(Br)c1,-9.886056648
408,[*]c1cc(C(=O)OC)cc(N2C(=O)c3ccc(Oc4ccc(Oc5ccc6c(c5)C(=O)N([*])C6=O)cc4)cc3C2=O)c1,-10.63078414
409,[*]c1cc(C(=O)OCC)cc(N2C(=O)c3ccc(Oc4ccc(Oc5ccc6c(c5)C(=O)N([*])C6=O)cc4)cc3C2=O)c1,-10.27654433
410,[*]c1cc(C(=O)[O-])cc(N2C(=O)c3ccc(C(c4ccc5c(c4)C(=O)N([*])C5=O)(C(F)(F)F)C(F)(F)F)cc3C2=O)c1,-9.448550002
411,[*]c1cc(C(=O)[O-])cc(N2C(=O)c3ccc(Oc4ccc(Oc5ccc6c(c5)C(=O)N([*])C6=O)cc4)cc3C2=O)c1,-10.44855
412,[*]c1cc(C)c(-c2ccc(CN3C(=O)c4ccc(C(c5ccc6c(c5)C(=O)N(Cc5ccc([*])c(C)c5C)C6=O)C(F)(F)F)cc4C3=O)c(C)c2C)cc1C.CC(F)(F)F,-8.494850022
413,[*]c1cc(C)c(-n2c(=O)c3cc4oc5cc6c(cc5oc4cc3c2=O)C2(C(C)C)c3cc4oc5cc7c(=O)n(-c8c(C)cc([*])cc8C)c(=O)c7cc5oc4cc3C23c2ccccc2C63C(C)C)c(C)c1,-7.30980392
414,[*]c1cc(C)c(C)c(N2C(=O)c3ccc(Oc4cc(C)c(Oc5ccc6c(c5)C(=O)N([*])C6=O)c(C)c4C)cc3C2=O)c1C,-8.744727495
415,[*]c1cc(C)c(CN2C(=O)c3ccc(C(c4ccc5c(c4)C(=O)N(Cc4c(C)cc(-c6cc(C)c([*])cc6C)cc4C)C5=O)C(F)(F)F)cc3C2=O)c(C)c1.CC(F)(F)F,-8.173925197
416,[*]c1cc(C)c(CN2C(=O)c3ccc(C(c4ccc5c(c4)C(=O)N(Cc4cc(C)c(-c6cc(C)c([*])cc6C)cc4C)C5=O)C(F)(F)F)cc3C2=O)cc1C.CC(F)(F)F,-8.920818754
417,[*]c1cc(C)c(Cc2cc(C)c(N3C(=O)c4ccc(Oc5ccc(Oc6ccc7c(c6)C(=O)N([*])C7=O)cc5)cc4C3=O)cc2C)cc1C,-10.16877031
418,[*]c1cc(C)c(N2C(=O)c3cc4c(cc3C2=O)C2(C)CCC4(C)c3cc4c(cc32)C(=O)N(c2c(C)cc([*])c3ccccc23)C4=O)c2ccccc12,-6.860120914
419,[*]c1cc(C)c(N2C(=O)c3cc4c(cc3C2=O)C2(c3ccccc3-4)c3ccccc3-c3cc4c(cc32)C(=O)N(c2c(C)cc([*])c3ccccc23)C4=O)c2ccccc12,-7.070581074
420,[*]c1cc(C)c(N2C(=O)c3cc4c(cc3C2=O)OC2C=C3C(=CC2O4)C2(C(C)C)c4ccccc4C3(C(C)C)c3cc4oc5cc6c(=O)n(-c7c(C)cc([*])c8ccccc78)c(=O)c6cc5oc4cc32)c2ccccc12,-7.062983893
421,[*]c1cc(C)c(N2C(=O)c3cc4c(cc3C2=O)OC2C=C3C(=CC2O4)C2(C(C)C)c4ccccc4C3(C(C)C)c3cc4oc5cc6c(=O)n(-c7c(C)cc([*])cc7C)c(=O)c6cc5oc4cc32)c(C)c1,-7.235077015
422,[*]c1cc(C)c(N2C(=O)c3ccc(C(=O)Oc4ccc(C(c5ccc(OC(=O)c6ccc7c(c6)C(=O)N(c6c(C)cc([*])cc6C)C7=O)cc5)(C(F)(F)F)C(F)(F)F)cc4)cc3C2=O)c(C)c1,-9.519993057
423,[*]c1cc(C)c(N2C(=O)c3ccc(C(c4ccc5c(c4)C(=O)N([*])C5=O)(C(F)(F)F)C(F)(F)F)cc3C2=O)cc1C,-8.872895202
424,[*]c1cc(C)c(N2C(=O)c3ccc(C(c4ccc5c(c4)C(=O)N(c4c(C)cc(-c6cc(C)c([*])cc6C)cc4C)C5=O)(C(F)(F)F)C(F)(F)F)cc3C2=O)c(C)c1,-8.259637311
425,[*]c1cc(C)c(N2C(=O)c3ccc(C(c4ccc5c(c4)C(=O)N(c4c(C)cc([*])c6ccccc46)C5=O)(C(F)(F)F)C(F)(F)F)cc3C2=O)c2ccccc12,-7.850780887
426,[*]c1cc(C)c(N2C(=O)c3ccc(Oc4cc(C(C)(C)C)c(Oc5ccc6c(c5)C(=O)N(c5c(C)cc([*])cc5C)C6=O)cc4C(C)(C)C)cc3C2=O)c(C)c1,-8.657577319
427,[*]c1cc(C)c(N2C(=O)c3ccc(Oc4cc(C)c(Oc5ccc6c(c5)C(=O)N(c5c(C)cc([*])cc5C)C6=O)c(C)c4C)cc3C2=O)c(C)c1,-9.187086643
428,[*]c1cc(C)c(NC(=O)c2ccc(Oc3cc(C(C)(C)C)c(Oc4ccc(C(=O)Nc5c(C)cc(C([*])(C)C)cc5C)cc4)cc3C(C)(C)C)cc2)c(C)c1,-9.027797162
429,[*]c1cc(C)c(OC(=O)Oc2c(C)cc(C([*])(C(F)(F)F)C(F)(F)F)cc2C)c(C)c1,-8.494850022
430,[*]c1cc(C)c(OC(=O)Oc2c(C)cc(C([*])(C)C)cc2C)c(C)c1,-9.254144805
431,[*]c1cc(C)c(OC(=O)c2cc(C(=O)Oc3c(C)cc(C([*])(C)C)cc3C)cc(C(C)(C)C)c2)c(C)c1,-8.899629455
432,[*]c1cc(C)c(OC(=O)c2ccc(Oc3c(C)cc(C([*])(C)C)cc3C)cc2)c(C)c1,-9.13667714
433,[*]c1cc(C)c(OC(=O)c2cccc(C(=O)Oc3c(C)cc(C([*])(C)C)cc3Br)c2)c(Br)c1,-9.202732459
434,[*]c1cc(C)c(OC(=O)c2cccc(C(=O)Oc3c(C)cc(C([*])(C)C)cc3C)c2)c(C)c1,-9.4867824
435,[*]c1cc(C)c(OC(=O)c2cccc(C(=O)Oc3c(C)cc(C4([*])c5ccccc5-c5ccccc54)cc3Br)c2)c(Br)c1,-8.812479279
436,[*]c1cc(C)c(OC(=O)c2cccc(Oc3c(C)cc(C([*])(C)C)cc3C)c2)c(C)c1,-9.455931956
437,[*]c1cc(C)c(Oc2ccc(C(=O)c3ccc(-c4c(C)cc([*])cc4C)cc3)cc2)c(C)c1,-9.322393047
438,[*]c1cc(C)c(Oc2ccc(C(=O)c3ccc(Oc4c(C)cc(C([*])(C)C)cc4C)cc3)cc2)c(C)c1,-9.251811973
439,[*]c1cc(C)c(Oc2ccc(C(=O)c3ccc(Oc4cc(C)c(C5([*])OC(=O)c6ccccc65)cc4C)cc3)cc2)cc1C,-9.809668302
440,[*]c1cc(C)c(Oc2ccc(C(C)(C)c3ccc(Oc4c(C)cc(C([*])(C(F)(F)F)C(F)(F)F)cc4C)cc3)cc2)c(C)c1,-8.744727495
441,[*]c1cc(C)c(Oc2ccc(C(C)(C)c3ccc(Oc4c(C)cc(C([*])(C)C)cc4C)cc3)cc2)c(C)c1,-9.251811973
442,[*]c1cc(C)c(Oc2ccc(S(=O)(=O)c3ccc(Oc4c(C)cc(C(C)(C)c5ccc(C([*])(C)C)cc5)cc4C)cc3)cc2)c(C)c1,-9.494850022
443,[*]c1cc(C)c(Oc2ccc(S(=O)(=O)c3ccc(Oc4c(C)cc(C(C)(C)c5cccc(C([*])(C)C)c5)cc4C)cc3)cc2)c(C)c1,-9.744727495
444,[*]c1cc(C)c(Oc2ccc(S(=O)(=O)c3ccc(Oc4c(C)cc(C([*])(C(F)(F)F)C(F)(F)F)cc4C)cc3)cc2)c(C)c1,-8.744727495
445,[*]c1cc(C)c(Oc2ccc(S(=O)(=O)c3ccc(Oc4c(C)cc(C([*])(C(F)(F)F)C(F)(F)F)cc4C)cc3C(O)(C(F)(F)F)C(F)(F)F)c(C(O)(C(F)(F)F)C(F)(F)F)c2)c(C)c1,-8.853871964
446,[*]c1cc(C)c(Oc2ccc(S(=O)(=O)c3ccc(Oc4c(C)cc(C([*])(C)C)cc4C)cc3)cc2)c(C)c1,-9.251811973
447,[*]c1cc(C)c(Oc2ccc(S(=O)(=O)c3ccc(Oc4c(C)cc(C([*])(C)C)cc4C)cc3C(O)(C(F)(F)F)C(F)(F)F)c(C(O)(C(F)(F)F)C(F)(F)F)c2)c(C)c1,-9.070581074
448,[*]c1cc(C)c(Oc2ccc(S(=O)(=O)c3ccc(Oc4c(C)cc([*])cc4C)cc3)cc2)c(C)c1,-9.454692884
449,[*]c1cc(C)c(Oc2ccc(S(=O)(=O)c3ccc(Oc4cc(C)c(C5([*])OC(=O)c6ccccc65)cc4C)cc3)cc2)cc1C,-9.809668302
450,[*]c1cc(C)c2c(c1)S(=O)(=O)c1cc(N3C(=O)c4ccc(-c5ccc6c(c5)C(=O)N([*])C6=O)cc4C3=O)cc(C)c1-2,-9.714442691
451,[*]c1cc(C)c2c(c1)S(=O)(=O)c1cc(N3C(=O)c4ccc(C(c5ccc6c(c5)C(=O)N([*])C6=O)(C(F)(F)F)C(F)(F)F)cc4C3=O)cc(C)c1-2,-8.628932138
452,[*]c1cc(CCCCCCCCCCCC)c([*])s1,-8.694648631
453,[*]c1cc(Cl)c(OC(=O)Oc2c(Cl)cc(C([*])(C)C)cc2Cl)c(Cl)c1,-9.638272164
454,[*]c1cc(N2C(=O)c3ccc(Oc4ccc(Oc5ccc6c(c5)C(=O)N([*])C6=O)cc4)cc3C2=O)c(C(=O)OCC2c3ccccc3-c3ccccc32)c(C(=O)O)c1C(=O)OCC1c2ccccc2-c2ccccc21,-10.74714697
455,[*]c1cc2c(cc1C)-c1c(C)cc(CN3C(=O)c4ccc(C(c5ccc6c(c5)C(=O)N([*])C6=O)(C(F)(F)F)C(F)(F)F)cc4C3=O)cc1S2(=O)=O,-8.725842151
456,[*]c1cc2c(cc1C)-c1cc(C)c(N3C(=O)c4ccc(-c5ccc6c(c5)C(=O)N([*])C6=O)cc4C3=O)cc1S2(=O)=O,-9.714442691
457,[*]c1cc2c(cc1C)-c1cc(C)c(N3C(=O)c4ccc(C(c5ccc6c(c5)C(=O)N([*])C6=O)(C(F)(F)F)C(F)(F)F)cc4C3=O)cc1S2(=O)=O,-8.847711656
458,[*]c1cc2c(cc1O)C1(CC2(C)C)CC(C)(C)c2cc(-n3c(=O)c4cc5c(=O)n([*])c(=O)c5cc4c3=O)c(O)cc21,-9.161150909
459,[*]c1cc2c(cc1O)C1(CC2(C)C)CC(C)(C)c2cc(N3C(=O)c4ccc(C(c5ccc6c(c5)C(=O)N([*])C6=O)(C(F)(F)F)C(F)(F)F)cc4C3=O)c(O)cc21,-8.344861565
460,[*]c1cc2c(cc1Oc1ccc(C(C)(C)C)cc1)C(=O)N(Cc1ccc(Oc3ccc(N4C(=O)c5cc([*])c(Oc6ccc(C(C)(C)C)cc6)cc5C4=O)cc3)cc1)C2=O,-8.946921557
461,[*]c1cc2c(cc1Oc1ccc(C)cc1)C(=O)N(Cc1ccc(Oc3ccc(N4C(=O)c5cc([*])c(Oc6ccc(C)cc6)cc5C4=O)cc3)cc1)C2=O,-9.301899454
462,[*]c1cc2c(cc1Oc1ccccc1)C(=O)N(Cc1ccc(Cc3ccc(N4C(=O)c5cc([*])c(Oc6ccccc6)cc5C4=O)cc3)cc1)C2=O,-9.473660723
463,[*]c1cc2c(cc1Oc1ccccc1)C(=O)N(Cc1ccc(Oc3ccc(N4C(=O)c5cc([*])c(Oc6ccccc6)cc5C4=O)cc3)cc1)C2=O,-9.444905551
464,[*]c1ccc(-c2ccc(-c3ccc(-c4ccc(-c5ccc(-c6ccc(-c7ccc(-c8ccc(-c9ccc%10c(c9)C(=O)C(c9ccc(-c%11ccc([*])cc%11C(=O)c%11ccccc%11)cc9C(F)(F)F)C%10=O)cc8C(=O)c8ccccc8)c(C(=O)c8ccccc8)c7)c(C(=O)c7ccccc7)c6)cc5C(=O)c5ccccc5)c(C(=O)c5ccccc5)c4)c(C(=O)c4ccccc4)c3)c(C(=O)c3ccccc3)c2)c(C(=O)c2ccccc2)c1,-10.1079054
465,[*]c1ccc(-c2ccc(-c3ccc(C([*])(c4ccccc4)C(F)(F)F)cc3)cc2)cc1,-8.494850022
466,[*]c1ccc(-c2ccc(-n3c(=O)c4cc5oc6cc7c(cc6oc5cc4c3=O)C3(CC(C)(C)c4cc5oc6cc8c(=O)n([*])c(=O)c8cc6oc5cc43)CC7(C)C)cc2C(F)(F)F)c(C(F)(F)F)c1,-8.193820026
467,[*]c1ccc(-c2ccc(C([*])(C(F)(F)F)C(F)(F)F)cc2)cc1,-7.920818754
468,[*]c1ccc(-c2ccc(C([*])(c3ccccc3)C(F)(F)F)cc2)cc1,-8.602059991
469,[*]c1ccc(-c2ccc(C3([*])OC(=O)c4ccccc43)cc2)cc1,-8.958607315
470,[*]c1ccc(-c2ccc(N3C(=O)c4cc5c(cc4C3=O)S(=O)(=O)c3cc4c(cc3S5(=O)=O)C(=O)N([*])C4=O)cc2C(F)(F)F)c(C(F)(F)F)c1,-9.180456064
471,[*]c1ccc(-c2ccc(Oc3ccc(C4(c5ccc(Oc6ccc(-c7ccc(-n8c(=O)c9cc%10c(=O)n([*])c(=O)c%10cc9c8=O)cc7)cc6C(F)(F)F)cc5)C(=O)N(c5ccccc5)c5ccccc54)cc3)c(C(F)(F)F)c2)cc1,-9.118045029
472,[*]c1ccc(-c2ccc(Oc3ccc(C4(c5ccc(Oc6ccc(-c7ccc(-n8c(=O)c9cc%10c(=O)n([*])c(=O)c%10cc9c8=O)cc7)cc6C(F)(F)F)cc5)c5ccccc5-c5ccccc54)cc3)c(C(F)(F)F)c2)cc1,-9.20481541
473,[*]c1ccc(-c2ccc3c(c2)C(=O)C(c2ccc(-c4ccc5c(c4)C(=O)C(c4ccc(-c6ccc7c(c6)C(=O)C(c6ccc([*])cc6C(F)(F)F)C7=O)cc4C(F)(F)F)C5=O)cc2C(F)(F)F)C3=O)c(C(=O)c2ccccc2)c1,-9.576754126
474,[*]c1ccc(-c2nc3cc(-c4ccc5nc([*])[nH]c5c4)ccc3[nH]2)cc1,-12.39794001
475,[*]c1ccc(-c2nc3cc(C(c4ccc5oc(-c6ccc(C([*])(C(F)(F)F)C(F)(F)F)cc6)nc5c4)(C(F)(F)F)C(F)(F)F)ccc3o2)cc1,-8.785156152
476,[*]c1ccc(-c2nc3ccc(-c4ccc5[nH]c([*])nc5c4)cc3[nH]2)c(Br)c1,-12.22184875
477,[*]c1ccc(-c2nc3ccc(C(c4ccc5nc(-c6ccc(C([*])(C(F)(F)F)C(F)(F)F)cc6)oc5c4)(C(F)(F)F)C(F)(F)F)cc3o2)cc1,-7.018634491
478,[*]c1ccc(-c2nnc(-c3cccc(-c4nnc([*])n4-c4ccc(C)cc4)c3)n2-c2ccccc2)cc1,-9.835647144
479,[*]c1ccc(-c2nnc(-c3cccc(-c4nnc([*])n4-c4ccc(Cl)cc4)c3)n2-c2ccccc2)cc1,-9.931814138
480,[*]c1ccc(-c2nnc(-c3cccc(-c4nnc([*])n4-c4ccc(F)cc4)c3)n2-c2ccccc2)cc1,-10.22914799
481,[*]c1ccc(-c2nnc(-c3cccc(-c4nnc([*])n4-c4ccccc4)c3)n2-c2ccccc2)cc1,-10.07572071
482,[*]c1ccc(-c2nnc([*])o2)cc1,-8.76700389
483,[*]c1ccc(-n2c(=O)c3cc4c(=O)n(-c5ccc(C([*])(C)C)cc5)c(=O)c4cc3c2=O)cc1,-9.148741651
484,[*]c1ccc(C(=O)Nc2ccc(-c3ccc(NC(=O)c4ccc5c(c4)C(C)(C)CC5([*])C)cc3C(F)(F)F)c(C(F)(F)F)c2)cc1,-9.140861703
485,[*]c1ccc(C(=O)Nc2ccc(C(c3ccc(NC(=O)c4ccc5c(c4)C(C)(C)CC5([*])C)cc3)(C(F)(F)F)C(F)(F)F)cc2)cc1,-9.133712661
486,[*]c1ccc(C(=O)Nc2ccc(Oc3ccc(C(C)(C)c4ccc(Oc5ccc(NC(=O)c6ccc7c(c6)C(C)(C)CC7([*])C)cc5)cc4)cc3)cc2)cc1,-9.718966633
487,[*]c1ccc(C(=O)Nc2ccc(Oc3ccc(NC(=O)c4ccc5c(c4)C(C)(C)CC5([*])C)cc3)cc2)cc1,-9.777283529
488,[*]c1ccc(C(=O)Nc2ccc(S(=O)(=O)c3ccc(NC(=O)c4ccc5c(c4)C(C)(C)CC5([*])C)cc3)cc2)cc1,-10.27572413
489,[*]c1ccc(C(=O)Nc2cccc(NC(=O)c3ccc4c(c3)C(C)(C)CC4([*])C)c2)cc1,-9.847711656
490,[*]c1ccc(C(=O)Nc2cccc3c(NC(=O)c4ccc5c(c4)C(C)(C)CC5([*])C)cccc23)cc1,-10.02687215
491,[*]c1ccc(C(=O)c2ccc(Oc3ccc(-c4ccc(Oc5ccc(C(=O)c6ccc7c(c6)C(C)(C6CCCCC6)CC7([*])C6CCCCC6)cc5)cc4)cc3)cc2)cc1,-9.832682665
492,[*]c1ccc(C(=O)c2ccc(Oc3ccc(C(=O)c4ccc(C(=O)c5ccc(Oc6ccc(C(=O)c7ccc(C8([*])OC(=O)c9ccccc98)cc7)cc6)cc5)cc4)cc3)cc2)cc1,-10.29242982
493,[*]c1ccc(C(=O)c2ccc(Oc3ccc(C(=O)c4ccc(Oc5ccc(C(=O)c6ccc(C7([*])OC(=O)c8ccccc87)cc6)cc5)cc4)cc3)cc2)cc1,-10.16749109
494,[*]c1ccc(C(=O)c2ccc(Oc3ccc(C(=O)c4ccc(Oc5ccc(C(=O)c6ccc7c(c6)C(C)(C6CCCCC6)CC7([*])C6CCCCC6)cc5)cc4)cc3)cc2)cc1,-9.987162775
495,[*]c1ccc(C(=O)c2ccc(Oc3ccc(C(=O)c4cccc(C(=O)c5ccc(Oc6ccc(C(=O)c7ccc(C8([*])OC(=O)c9ccccc98)cc7)cc6)cc5)c4)cc3)cc2)cc1,-10.56863624
496,[*]c1ccc(C(=O)c2ccc(Oc3ccc(C(c4ccc(Oc5ccc(C(=O)c6ccc(C([*])(C)C)cc6)cc5)cc4)(C(F)(F)F)C(F)(F)F)cc3)cc2)cc1,-9.619788758
497,[*]c1ccc(C(=O)c2ccc(Oc3ccc(C(c4ccc(Oc5ccc(C(=O)c6ccc7c(c6)C(C)(C6CCCCC6)CC7([*])C6CCCCC6)cc5)cc4)(C(F)(F)F)C(F)(F)F)cc3)cc2)cc1,-9.785156152
498,[*]c1ccc(C(=O)c2ccc(Oc3ccc(C4(c5ccc(Oc6ccc(C(=O)c7ccc8c(c7)C(C)(C7CCCCC7)CC8([*])C7CCCCC7)cc6)cc5)CCCCC4)cc3)cc2)cc1,-9.804100348
499,[*]c1ccc(C(=O)c2ccc(Oc3ccc(Oc4ccc(Oc5ccc(C(=O)c6ccc7c(c6)C(C)(C6CCCCC6)CC7([*])C6CCCCC6)cc5)cc4)cc3)cc2)cc1,-9.966576245
500,[*]c1ccc(C(=O)c2ccc(Oc3ccc(S(=O)(=O)c4ccc(Oc5ccc(C(=O)c6ccc7c(c6)C(C)(C6CCCCC6)CC7([*])C6CCCCC6)cc5)cc4)cc3)cc2)cc1,-9.879426069
501,[*]c1ccc(C(=O)c2ccc(Oc3ccc(Sc4ccc(Oc5ccc(C(=O)c6ccc7c(c6)C(C)(C6CCCCC6)CC7([*])C6CCCCC6)cc5)cc4)cc3)cc2)cc1,-9.950781977
502,[*]c1ccc(C(c2ccc(-n3c(=O)c4cc5oc6cc7c(cc6oc5cc4c3=O)C3(CC(C)(C)c4cc5oc6cc8c(=O)n([*])c(=O)c8cc6oc5cc43)CC7(C)C)cc2)(C(F)(F)F)C(F)(F)F)cc1,-8.070581074
503,[*]c1ccc(C(c2ccc(O)c(N3C(=O)c4cc5c(cc4C3=O)C3(C)c4ccc(cc4)C5(C)c4cc5c(cc43)C(=O)N([*])C5=O)c2)(C(F)(F)F)C(F)(F)F)cc1,-9.070581074
504,[*]c1ccc(C)c(-n2c(=O)c3cc4oc5cc6c(cc5oc4cc3c2=O)C2(CC6(C)C)CC(C)(C)c3cc4oc5cc6c(=O)n(-c7cc(C([*])(C(F)(F)F)C(F)(F)F)ccc7C)c(=O)c6cc5oc4cc32)c1,-8.408935393
505,[*]c1ccc(C)c(N2C(=O)c3ccc(C(c4ccc5c(c4)C(=O)N([*])C5=O)(C(F)(F)F)C(F)(F)F)cc3C2=O)c1,-9.128427064
506,[*]c1ccc(CN2C(=O)c3ccc(C(c4ccc5c(c4)C(=O)N(Cc4ccc(-c6cc(C)c([*])cc6C)cc4C)C5=O)C(F)(F)F)cc3C2=O)c(C)c1.CC(F)(F)F,-9.065501549
507,[*]c1ccc(Cc2ccc(-n3c(=O)c4cc5c(=O)n([*])c(=O)c5cc4c3=O)cc2)cc1,-10.27736608
508,[*]c1ccc(Cc2ccc(N3C(=O)c4ccc(Oc5ccc(Oc6ccc7c(c6)C(=O)N([*])C7=O)cc5)cc4C3=O)c(C)c2C)c(C)c1C,-10.17522354
509,[*]c1ccc(Cc2ccc(N3C(=O)c4ccc(Oc5ccc(Oc6ccc7c(c6)C(=O)N([*])C7=O)cc5)cc4C3=O)cc2C)c(C)c1,-10.49894074
510,[*]c1ccc(N2C(=O)c3ccc(-c4ccc5c(c4)C(=O)N(c4ccc(C([*])(C)C)cc4)C5=O)cc3C2=O)cc1,-9.142667504
511,[*]c1ccc(N2C(=O)c3ccc(-c4ccc5c(c4)C(=O)N(c4ccc([*])cc4C)C5=O)cc3C2=O)c(C)c1,-10.43297363
512,[*]c1ccc(N2C(=O)c3ccc(C(=O)Oc4ccc(C(C)(C)c5ccc(OC(=O)c6ccc7c(c6)C(=O)N(c6ccc([*])cc6C)C7=O)cc5)cc4)cc3C2=O)c(C)c1,-10.39254498
513,[*]c1ccc(N2C(=O)c3ccc(C(=O)c4ccc5c(c4)C(=O)N(c4cc6c(cc4Br)C(C)(C)CC6([*])C)C5=O)cc3C2=O)cc1,-9.443697499
514,[*]c1ccc(N2C(=O)c3ccc(C(=O)c4ccc5c(c4)C(=O)N(c4ccc6c(c4)C([*])(C)CC6(C)C)C5=O)cc3C2=O)cc1,-9.728158393
515,[*]c1ccc(N2C(=O)c3ccc(C(c4ccc5c(c4)C(=O)N(c4ccc(C([*])(C)C)cc4)C5=O)(C(F)(F)F)C(F)(F)F)cc3C2=O)cc1,-9.124360063
516,[*]c1ccc(N2C(=O)c3ccc(C(c4ccc5c(c4)C(=O)N(c4ccc(N([*])c6ccc(N(c7ccc(OC)cc7)c7ccc(OC)cc7)cc6)cc4)C5=O)(C(F)(F)F)C(F)(F)F)cc3C2=O)cc1,-9.53165267
517,[*]c1ccc(N2C(=O)c3ccc(C(c4ccc5c(c4)C(=O)N(c4ccc(N([*])c6ccc(OC)cc6)cc4)C5=O)(C(F)(F)F)C(F)(F)F)cc3C2=O)cc1,-9.368556231
518,[*]c1ccc(N2C(=O)c3ccc(C(c4ccc5c(c4)C(=O)N(c4cccc(C([*])(C)C)c4)C5)(C(F)(F)F)C(F)(F)F)cc3C2=O)cc1,-9.539102157
519,[*]c1ccc(N2C(=O)c3ccc(Oc4ccc(C(C)(C)C)cc4Oc4ccc5c(c4)C(=O)N(c4ccc([*])cc4OC)C5=O)cc3C2=O)c(OC)c1,-9.853871964
520,[*]c1ccc(N2C(=O)c3ccc(Oc4ccc(Oc5ccc6c(c5)C(=O)N(c5ccc(C([*])(C)C)cc5)C6=O)cc4)cc3C2=O)cc1,-10.23210238
521,[*]c1ccc(N2C(=O)c3ccc([Si](C)(C)c4ccc5c(c4)C(=O)N(c4ccc([*])cc4C)C5=O)cc3C2=O)c(C)c1,-10.17848647
522,[*]c1ccc(N2C(=O)c3ccc([Si](C)(C)c4ccc5c(c4)C(=O)N(c4ccc([*])cc4OC)C5=O)cc3C2=O)c(OC)c1,-10.27572413
523,[*]c1ccc(NC(=O)c2ccc(Oc3cc(C(C)(C)C)c(Oc4ccc(C(=O)Nc5ccc(C([*])(C)C)cc5C)cc4)cc3C(C)(C)C)cc2)c(C)c1,-9.346787486
524,[*]c1ccc(OC(=O)Oc2ccc(C([*])(C)C)cc2)cc1,-9.815308569
525,[*]c1ccc(OC(=O)Oc2ccc(C([*])(C)c3ccccc3)cc2)cc1,-9.769551079
526,[*]c1ccc(OC(=O)Oc2ccc(C3([*])CC(C)CC(C)(C)C3)cc2)cc1,-9.119758224
527,[*]c1ccc(OC(=O)c2cc(C(=O)Oc3ccc(C([*])(C)C)cc3C(C)C)cc(C(C)(C)C)c2)c(C(C)C)c1,-9.298432015
528,[*]c1ccc(OC(=O)c2cc(C(=O)Oc3ccc(C([*])(C)C)cc3C)cc(C(C)(C)C)c2)c(C)c1,-9.625251654
529,[*]c1ccc(OC(=O)c2ccc(-c3ccc(C(=O)Oc4ccc(C([*])(C)C)cc4)cc3)cc2)cc1,-9.920818754
530,[*]c1ccc(OC(=O)c2ccc(C(=O)Oc3ccc(C(C)(C)c4ccc(OC(=O)c5cccc(C(=O)Oc6ccc(C([*])(C)C)cc6)c5)cc4)cc3)cc2)cc1,-9.769551079
531,[*]c1ccc(OC(=O)c2ccc(C(=O)Oc3ccc(C([*])(C)C)cc3)cc2)cc1,-9.595166283
532,[*]c1ccc(OC(=O)c2ccc(Oc3ccc(C([*])(C)C)cc3)cc2)cc1,-9.725842151
533,[*]c1ccc(OC(=O)c2ccc(Oc3ccc(C([*])(C)C)cc3C)cc2)c(C)c1,-9.950781977
534,[*]c1ccc(OC(=O)c2ccc(Oc3ccc(C4([*])OC(=O)c5ccccc54)cc3C)cc2)c(C)c1,-9.982966661
535,[*]c1ccc(OC(=O)c2ccc3c(c2)C(=O)N(c2ccc(-c4ccc(N5C(=O)c6ccc(C(=O)Oc7ccc(C([*])(C)C)cc7)cc6C5=O)cc4)cc2)C3=O)cc1,-11.33818731
536,[*]c1ccc(OC(=O)c2ccc3c(c2)C(=O)N(c2ccc(Cc4ccc(N5C(=O)c6ccc(C(=O)Oc7ccc(C([*])(C)C)cc7)cc6C5=O)cc4)cc2)C3=O)cc1,-10.53313238
537,[*]c1ccc(OC(=O)c2ccc3c(c2)C(=O)N(c2ccc(Oc4ccc(N5C(=O)c6ccc(C(=O)Oc7ccc(C([*])(C)C)cc7)cc6C5=O)cc4)cc2)C3=O)cc1,-10.50863831
538,[*]c1ccc(OC(=O)c2ccc3c(c2)C(=O)n2c-3nc3ccc(Oc4ccc5c(c4)nc4n5C(=O)c5ccc(C(=O)Oc6ccc(C([*])(C)C)cc6)cc5-4)cc32)cc1,-10.36251027
539,[*]c1ccc(OC(=O)c2cccc(C(=O)Oc3ccc(C([*])(C)C)cc3)c2)cc1,-9.563837353
540,[*]c1ccc(OC(=O)c2cccc(C(=O)Oc3ccc(C([*])(C)C)cc3C(C)C)c2)c(C(C)C)c1,-9.785156152
541,[*]c1ccc(OC(=O)c2cccc(C(=O)Oc3ccc(C([*])(C)C)cc3C)c2)c(C)c1,-10.39794001
542,[*]c1ccc(OC(=O)c2cccc(C(=O)Oc3ccc(C([*])(C)c4ccccc4)cc3)c2)cc1,-9.588380294
543,[*]c1ccc(OC(=O)c2cccc(C(=O)Oc3ccc(C([*])c4ccccc4C(=O)O)cc3)c2)cc1,-9.688246139
544,[*]c1ccc(OC(=O)c2cccc(Oc3ccc(C([*])(C)C)cc3)c2)cc1,-10.30980392
545,[*]c1ccc(OC(=O)c2cccc(Oc3ccc(C([*])(C)C)cc3C)c2)c(C)c1,-10.33724217
546,[*]c1ccc(OCC(O)COc2ccc(C([*])(C)C)cc2)cc1,-11
547,[*]c1ccc(OOC(=O)c2ccc3c(c2)C(=O)c2cc(C(=O)Oc4ccc(C([*])(C)C)cc4)ccc2-3)cc1,-9.795880017
548,[*]c1ccc(OOc2ccc(C([*])(C)C)cc2)cc1,-8.793174124
549,[*]c1ccc(OOc2ccc(S(=O)(=O)c3ccc(Oc4ccc(C([*])(C)C)cc4)cc3)cc2)cc1,-9.869666232
550,[*]c1ccc(OOc2ccc([*])cc2)cc1,-8.818156412
551,[*]c1ccc(Oc2c(F)c(F)c(COC(c3ccc(C(OCc4c(F)c(F)c(Oc5ccc(C([*])(C)C)cc5)c(F)c4F)(C(F)(F)F)C(F)(F)F)cc3)(C(F)(F)F)C(F)(F)F)c(F)c2F)cc1,-9.677780705
552,[*]c1ccc(Oc2c(F)c(F)c(COC(c3cccc(C(OCc4c(F)c(F)c(Oc5ccc(N6C(=O)CCC67CCC(=O)N7[*])cc5)c(F)c4F)(C(F)(F)F)C(F)(F)F)c3)(C(F)(F)F)C(F)(F)F)c(F)c2F)cc1,-9.657577319
553,[*]c1ccc(Oc2ccc(-c3ccc(-n4c(=O)c5cc6c(=O)n(-c7ccc(-c8ccc(Oc9ccc%10c(c9)C([*])(C)CC%10(C)C)c(C(F)(F)F)c8)cc7)c(=O)c6cc5c4=O)cc3)cc2C(F)(F)F)cc1,-8.913640169
554,[*]c1ccc(Oc2ccc(-c3ccc(N4C(=O)c5ccc(C(=O)c6ccc7c(c6)C(=O)N(c6ccc(-c8ccc(Oc9ccc%10c(c9)C([*])(C)CC%10(C)C)c(C(F)(F)F)c8)cc6)C7=O)cc5C4=O)cc3)cc2C(F)(F)F)cc1,-9.097997109
555,[*]c1ccc(Oc2ccc(-c3ccc(N4C(=O)c5ccc(Oc6ccc(C(C)(C)c7ccc(Oc8ccc9c(c8)C(=O)N(c8ccc(-c%10ccc(Oc%11ccc%12c(c%11)C([*])(C)CC%12(C)C)c(C(F)(F)F)c%10)cc8)C9=O)cc7)cc6)cc5C4=O)cc3)cc2C(F)(F)F)cc1,-8.958607315
556,[*]c1ccc(Oc2ccc(-c3ccc(N4C(=O)c5ccc(Oc6ccc7c(c6)C(=O)N(c6ccc(-c8ccc(Oc9ccc%10c(c9)C([*])(C)CC%10(C)C)c(C(F)(F)F)c8)cc6)C7=O)cc5C4=O)cc3)cc2C(F)(F)F)cc1,-8.823908741
557,[*]c1ccc(Oc2ccc(-c3ccc(Oc4ccc(S([*])(=O)=O)cc4)cc3)cc2)cc1,-10.11463878
558,[*]c1ccc(Oc2ccc(-n3c(=O)c4cc5c(=O)n([*])c(=O)c5cc4c3=O)cc2)cc1,-10.39147397
559,[*]c1ccc(Oc2ccc(-n3c(=O)c4cc5sc6cc7c(=O)n([*])c(=O)c7cc6sc5cc4c3=O)cc2)cc1,-10.13076828
560,[*]c1ccc(Oc2ccc(C(=O)c3ccc(-c4ccc(C(=O)c5ccc(Oc6ccc(C([*])(C)C)cc6)cc5)cc4)cc3)cc2)cc1,-10.12493874
561,[*]c1ccc(Oc2ccc(C(=O)c3ccc(-c4ccc(S(=O)c5ccc(Oc6ccc(C([*])(C)C)cc6)cc5)cc4)cc3)cc2)cc1,-10.12493874
562,[*]c1ccc(Oc2ccc(C(=O)c3ccc(C(=O)c4ccc(Oc5ccc(C([*])(C)C)cc5)cc4)cc3)cc2)cc1,-10.21896306
563,[*]c1ccc(Oc2ccc(C(=O)c3ccc(C(C)(C)c4ccc(C(=O)c5ccc(Oc6ccc(C([*])(C)C)cc6)cc5)cc4)cc3)cc2)cc1,-9.958607315
564,[*]c1ccc(Oc2ccc(C(=O)c3ccc(C4(C5CCCCC5)CC(C)(C5CCCCC5)c5cc(C(=O)c6ccc(Oc7ccc(C([*])(C)C)cc7)cc6)ccc54)cc3)cc2)cc1,-9.73754891
565,[*]c1ccc(Oc2ccc(C(=O)c3ccc(C4(C5CCCCC5)CC(C)(C5CCCCC5)c5cc(C(=O)c6ccc(Oc7ccc(C8([*])CC(C)CC(C)(C)C8)cc7)cc6)ccc54)cc3)cc2)cc1,-9.446116973
566,[*]c1ccc(Oc2ccc(C(=O)c3ccc(Oc4ccc(C([*])(C)C)cc4)cc3)cc2)cc1,-10
567,[*]c1ccc(Oc2ccc(C(=O)c3ccc(Oc4ccc(C5([*])OC(=O)c6ccccc65)cc4)cc3)cc2)cc1,-8.619788758
568,[*]c1ccc(Oc2ccc(C(=O)c3ccc(Oc4ccc(C5([*])OC(=O)c6ccccc65)cc4C)cc3)cc2)c(C)c1,-10.06048075
569,[*]c1ccc(Oc2ccc(C(C)(C)c3ccc(Oc4ccc(S([*])(=C)=C)cc4)cc3)cc2)cc1,-9.869666232
570,[*]c1ccc(Oc2ccc(C([*])(c3ccccc3)C(F)(F)F)cc2)cc1,-9.455931956
571,[*]c1ccc(Oc2ccc(C(c3ccc(Oc4ccc(-c5ccc([*])s5)cc4C(F)(F)F)cc3)C3c4ccccc4-c4ccccc43)cc2)c(C(F)(F)F)c1,-9.075720714
572,[*]c1ccc(Oc2ccc(C(c3ccc(Oc4ccc(-n5c(=O)c6cc7c(=O)n([*])c(=O)c7cc6c5=O)cc4)cc3)(C(F)(F)F)C(F)(F)F)cc2)cc1,-9.293282218
573,[*]c1ccc(Oc2ccc(C(c3ccc(Oc4ccc(-n5c(=O)c6cc7c(=O)n([*])c(=O)c7cc6c5=O)cc4C(F)(F)F)cc3)(C(F)(F)F)C(F)(F)F)cc2)c(C(F)(F)F)c1,-9.151195299
574,[*]c1ccc(Oc2ccc(C(c3ccc(Oc4ccc(C([*])(C)C)cc4)cc3)(C(F)(F)F)C(F)(F)F)cc2)cc1,-9.468521083
575,[*]c1ccc(Oc2ccc(C(c3ccc(Oc4ccc(N5C(=O)c6ccc7c8c(ccc(c68)C5=O)C(=O)N([*])C7=O)cc4)cc3)(C(F)(F)F)C(F)(F)F)cc2)cc1,-9.356547324
576,[*]c1ccc(Oc2ccc(C(c3ccc(Oc4ccc(S([*])(=O)=O)cc4)cc3)(C(F)(F)F)C(F)(F)F)cc2)cc1,-9.468521083
577,[*]c1ccc(Oc2ccc(C3(c4ccc(Oc5ccc(S([*])(=O)=O)cc5)cc4)CCCCC3)cc2)cc1,-10.13076828
578,[*]c1ccc(Oc2ccc(C3(c4ccc(Oc5ccc(S([*])(=O)=O)cc5)cc4)c4ccccc4-c4ccccc43)cc2)cc1,-9.559090918
579,[*]c1ccc(Oc2ccc(Cc3ccc(Oc4ccc(C([*])(C)C)cc4)cc3)cc2)cc1,-9.958607315
580,[*]c1ccc(Oc2ccc(Cc3ccc(Oc4ccc(S([*])(=O)=O)cc4)cc3)cc2)cc1,-9.958607315
581,[*]c1ccc(Oc2ccc(N3C(=O)c4cc5c(cc4C3=O)S(=O)(=O)c3cc4c(cc3S5(=O)=O)C(=O)N([*])C4=O)cc2)cc1,-9.795880017
582,[*]c1ccc(Oc2ccc(N3C(=O)c4ccc(-c5ccc6c(c5)C(=O)N(c5ccc(Oc7ccc(C([*])(C)C)cc7)cc5)C6=O)cc4C3=O)cc2)cc1,-10.22475374
583,[*]c1ccc(Oc2ccc(N3C(=O)c4ccc(C(=O)c5ccc6c(c5)C(=O)N(c5ccc(Oc7ccc(C([*])(C)C)cc7)cc5)C6=O)cc4C3=O)cc2)cc1,-10.26760624
584,[*]c1ccc(Oc2ccc(N3C(=O)c4ccc(Oc5ccc6c(c5)C(=O)N(c5ccc(Oc7ccc(C([*])(C)C)cc7)cc5)C6=O)cc4C3=O)cc2)cc1,-10.30980392
585,[*]c1ccc(Oc2ccc(Oc3ccc(Oc4ccc(C([*])(C)C)cc4)cc3)cc2)cc1,-9.958607315
586,[*]c1ccc(Oc2ccc(Oc3ccc(Oc4ccc(S([*])(=O)=O)cc4)cc3)cc2)cc1,-9.958607315
587,[*]c1ccc(Oc2ccc(Oc3ccc(S([*])(=O)=O)cc3)cc2)cc1,-10.08092191
588,[*]c1ccc(Oc2ccc(S(=O)(=O)c3ccc(-c4ccc(S(=O)(=O)c5ccc(Oc6ccc(C([*])(C)C)cc6)cc5)cc4)cc3)cc2)cc1,-9.621602099
589,[*]c1ccc(Oc2ccc(S(=O)(=O)c3ccc(Oc4ccc(C(C)(C)c5ccc(C([*])(C)C)cc5)cc4)cc3)cc2)cc1,-9.744727495
590,[*]c1ccc(Oc2ccc(S(=O)(=O)c3ccc(Oc4ccc(C(C)(C)c5cccc(C([*])(C)C)c5)cc4)cc3)cc2)cc1,-10.16115091
591,[*]c1ccc(Oc2ccc(S(=O)(=O)c3ccc(Oc4ccc(C([*])(C)C)cc4)cc3)cc2)cc1,-9.860120914
592,[*]c1ccc(Oc2ccc(S(=O)(=O)c3ccc(Oc4ccc(C([*])(C)C)cc4Br)cc3)cc2)c(Br)c1,-9.958607315
593,[*]c1ccc(Oc2ccc(S(=O)(=O)c3ccc(Oc4ccc(C([*])(C)C)cc4C(O)(C(F)(F)F)C(F)(F)F)cc3)cc2)c(C(O)(C(F)(F)F)C(F)(F)F)c1,-9.823908741
594,[*]c1ccc(Oc2ccc(S(=O)(=O)c3ccc(Oc4ccc(C([*])(C)C)cc4C(OC)(C(F)(F)F)C(F)(F)F)cc3)cc2)c(C(OC)(C(F)(F)F)C(F)(F)F)c1,-9.698970004
595,[*]c1ccc(Oc2ccc(S(=O)(=O)c3ccc(Oc4ccc(C([*])(C)C)cc4C)cc3)cc2)c(C)c1,-10.19382003
596,[*]c1ccc(Oc2ccc(S(=O)(=O)c3ccc(Oc4ccc(C([*])(C)c5ccccc5)cc4)cc3)cc2)cc1,-9.806875402
597,[*]c1ccc(Oc2ccc(S(=O)(=O)c3ccc(Oc4ccc(C([*])c5ccccc5C(=O)O)cc4)cc3)cc2)cc1,-10.35556141
598,[*]c1ccc(Oc2ccc(S(=O)(=O)c3ccc(Oc4ccc(C5([*])CCCCC5)cc4C)cc3)cc2)c(C)c1,-10.38721614
599,[*]c1ccc(Oc2ccc(S(=O)(=O)c3ccc(Oc4ccc(C5([*])OC(=O)c6ccccc65)cc4)cc3)cc2)cc1,-10.02733441
600,[*]c1ccc(Oc2ccc(S(=O)(=O)c3ccc(Oc4ccc(C5([*])OC(=O)c6ccccc65)cc4C)cc3)cc2)c(C)c1,-10.06148027
601,[*]c1ccc(Oc2ccc(S(=O)(=O)c3ccc(Oc4cccc(C([*])(C)C)c4)cc3)cc2)cc1,-10.40893539
602,[*]c1ccc(Oc2ccc(S([*])(=O)=O)cc2)cc1,-9.795880017
603,[*]c1ccc(Oc2ccc3c(c2)C(=O)N(c2ccc(-c4ccc(Oc5ccc(C6(c7ccc(Oc8ccc(-c9ccc(N%10C(=O)c%11ccc(Oc%12ccc(C([*])(C)C)cc%12)cc%11C%10=O)cc9)cc8C(F)(F)F)cc7)c7ccccc7-c7ccccc76)cc5)c(C(F)(F)F)c4)cc2)C3=O)cc1,-9.154281982
604,[*]c1ccc(Oc2ccc3c(c2)C(=O)N(c2ccc(Cc4ccc(N5C(=O)c6ccc(Oc7ccc(C([*])(C)C)cc7)cc6C5=O)cc4)cc2)C3=O)cc1,-9.974694135
605,[*]c1ccc(Oc2ccc3c(c2)C(=O)N(c2ccc(Oc4ccc(N5C(=O)c6ccc(Oc7ccc(C([*])(C)C)cc7)cc6C5=O)cc4)cc2)C3=O)cc1,-10.25963731
606,[*]c1ccc(Oc2ccc3c(c2)C(=O)N(c2cccc(N4C(=O)c5ccc(Oc6ccc(C([*])(C)C)cc6)cc5C4=O)c2)C3=O)cc1,-10.39794001
607,[*]c1ccc(Oc2ccc3cc(Oc4ccc(S([*])(=O)=O)cc4)ccc3c2)cc1,-10.4202164
608,[*]c1ccc(Oc2ccc3ccc(Oc4ccc(S([*])(=O)=O)cc4)cc3c2)cc1,-10.30103
609,[*]c1ccc(Oc2cccc(-n3c(=O)c4cc5c(=O)n([*])c(=O)c5cc4c3=O)c2)cc1,-10.50863831
610,[*]c1ccc(Oc2cccc3c(Oc4ccc(S([*])(=O)=O)cc4)cccc23)cc1,-10.37675071
611,[*]c1ccc([*])n1C,-9.690369833
612,[*]c1ccc2c(c1)C(=O)C(c1ccc(-c3ccc(-c4ccc(-c5ccc([*])cc5C(=O)c5ccccc5)cc4C(=O)c4ccccc4)cc3C(=O)c3ccccc3)cc1C(F)(F)F)C2=O,-10.06048075
613,[*]c1ccc2c(c1)C(=O)C(c1ccc(-c3ccc(C4C(=O)c5ccc(-c6ccc(C7C(=O)c8ccc(-c9ccc%10c(c9)C(=O)C(c9ccc(-c%11ccc%12c(c%11)C(=O)C(c%11ccc(-c%13ccc%14c(c%13)C(=O)C(c%13ccc(-c%15ccc%16c(c%15)C(=O)C(c%15ccc(-c%17ccc(C%18C(=O)c%19ccc(-c%20ccc%21c(c%20)C(=O)C(c%20ccc(-c%22ccc([*])cc%22C(=O)c%22ccccc%22)cc%20C(F)(F)F)C%21=O)cc%19C%18=O)c(C(F)(F)F)c%17)cc%15C(F)(F)F)C%16=O)cc%13C(F)(F)F)C%14=O)cc%11C(F)(F)F)C%12=O)cc9C(F)(F)F)C%10=O)cc8C7=O)c(C(F)(F)F)c6)cc5C4=O)c(C(F)(F)F)c3)cc1C(F)(F)F)C2=O,-9.521433504
614,[*]c1ccc2c(c1)C(=O)C(c1ccc(-c3ccc([*])cc3C(=O)c3ccccc3)cc1C(F)(F)F)C2=O,-9.779891912
615,[*]c1ccc2c(c1)C(=O)C(c1ccc([*])cc1C(F)(F)F)C2=O,-9.524328812
616,[*]c1ccc2c(c1)C(=O)N(Oc1ccc(-c3ccc(C(c4ccc(Oc5ccc(N6C(=O)c7ccc(C([*])(C(F)(F)F)C(F)(F)F)cc7C6=O)cc5)cc4)(C(F)(F)F)C(F)(F)F)cc3)cc1)C2,-9.289882635
617,[*]c1ccc2c(c1)C(=O)N(Oc1ccc(-c3ccc(C(c4ccc(Oc5ccc(N6C(=O)c7ccc(C([*])(C(F)(F)F)C(F)(F)F)cc7C6=O)cc5C(F)(F)F)cc4)(C(F)(F)F)C(F)(F)F)cc3)cc1C(F)(F)F)C2,-9.187086643
618,[*]c1ccc2c(c1)C(=O)N(c1cc(N3C(=O)c4ccc(C([*])(C(F)(F)F)C(F)(F)F)cc4C3=O)cc(C(F)(F)F)c1)C2=O,-9.191789027
619,[*]c1ccc2c(c1)C(=O)N(c1ccc(-c3ccc(N4C(=O)c5ccc(C([*])(C(F)(F)F)C(F)(F)F)cc5C4=O)c(O)c3)cc1O)C2=O,-9.913640169
620,[*]c1ccc2c(c1)C(=O)N(c1ccc(-c3ccc(N4C(=O)c5ccc([*])cc5C4=O)c(O)c3)cc1O)C2=O,-12.01772877
621,[*]c1ccc2c(c1)C(=O)N(c1ccc(-c3ccc(N4C(=O)c5ccc([Si]([*])(C)C)cc5C4=O)cc3)cc1)C2=O,-10.16941133
622,[*]c1ccc2c(c1)C(=O)N(c1ccc(-c3ccc(Oc4ccc(C5(c6ccc(Oc7ccc(-c8ccc(N9C(=O)c%10ccc(C([*])(C(F)(F)F)C(F)(F)F)cc%10C9=O)cc8)cc7C(F)(F)F)cc6)C(=O)N(c6ccccc6)c6ccccc65)cc4)c(C(F)(F)F)c3)cc1)C2=O,-8.991399828
623,[*]c1ccc2c(c1)C(=O)N(c1ccc(-c3ccc(Oc4ccc(C5(c6ccc(Oc7ccc(-c8ccc(N9C(=O)c%10ccc(C([*])(C(F)(F)F)C(F)(F)F)cc%10C9=O)cc8)cc7C(F)(F)F)cc6)c6ccccc6-c6ccccc65)cc4)c(C(F)(F)F)c3)cc1)C2=O,-8.869666232
624,[*]c1ccc2c(c1)C(=O)N(c1ccc(C(c3ccc(N4C(=O)c5ccc(C([*])(C(F)(F)F)C(F)(F)F)cc5C4=O)cc3)(C(F)(F)F)C(F)(F)F)cc1)C2,-8.847711656
625,[*]c1ccc2c(c1)C(=O)N(c1ccc(C(c3ccc(N4C(=O)c5ccc(C([*])(C(F)(F)F)C(F)(F)F)cc5C4=O)cc3)(C(F)(F)F)C(F)(F)F)cc1)C2=O,-8.804100348
626,[*]c1ccc2c(c1)C(=O)N(c1ccc(C(c3ccc(N4C(=O)c5ccc([*])cc5C4=O)cc3)(C(F)(F)F)C(F)(F)F)cc1)C2,-9.148741651
627,[*]c1ccc2c(c1)C(=O)N(c1ccc(C(c3ccc(N4C(=O)c5ccc([*])cc5C4=O)cc3)(C(F)(F)F)C(F)(F)F)cc1)C2=O,-9.226213555
628,[*]c1ccc2c(c1)C(=O)N(c1ccc(Cc3ccc(N4C(=O)c5ccc(C([*])(C(F)(F)F)C(F)(F)F)cc5C4=O)c(Cl)c3)cc1Cl)C2=O,-9.742321425
629,[*]c1ccc2c(c1)C(=O)N(c1ccc(Cc3ccc(N4C(=O)c5ccc(C([*])(C(F)(F)F)C(F)(F)F)cc5C4=O)cc3)cc1)C2=O,-9.40560745
630,[*]c1ccc2c(c1)C(=O)N(c1ccc(Cc3ccc(N4C(=O)c5ccc(S([*])(=O)=O)cc5C4=O)cc3)cc1)C2=O,-10.52870829
631,[*]c1ccc2c(c1)C(=O)N(c1ccc(Cc3ccc(N4C(=O)c5ccc([*])cc5C4=O)c(Cl)c3)cc1Cl)C2=O,-10.58502665
632,[*]c1ccc2c(c1)C(=O)N(c1ccc(Cc3ccc(N4C(=O)c5ccc([*])cc5C4=O)cc3)cc1)C2=O,-10.72584215
633,[*]c1ccc2c(c1)C(=O)N(c1ccc(Cc3ccc(N4C(=O)c5ccc([*])cc5C4=O)cc3Br)c(Br)c1)C2=O,-11.0347983
634,[*]c1ccc2c(c1)C(=O)N(c1ccc(Cc3ccc(N4C(=O)c5ccc([*])cc5C4=O)cc3Cl)c(Cl)c1)C2=O,-11.01908806
635,[*]c1ccc2c(c1)C(=O)N(c1ccc(Cc3ccc(N4C(=O)c5ccc([*])cc5C4=O)cc3F)c(F)c1)C2=O,-10.84466396
636,[*]c1ccc2c(c1)C(=O)N(c1ccc(N(c3ccc(N4C(=O)c5ccc(C([*])(C(F)(F)F)C(F)(F)F)cc5C4=O)cc3)c3ccc(N(c4ccccc4)c4ccccc4)cc3)cc1)C2=O,-9.705533774
637,[*]c1ccc2c(c1)C(=O)N(c1ccc(N(c3ccccc3)c3ccc(N4C(=O)c5ccc(C([*])(C(F)(F)F)C(F)(F)F)cc5C4=O)cc3)cc1)C2=O,-9.474955193
638,[*]c1ccc2c(c1)C(=O)N(c1ccc(N(c3ccccc3)c3ccc(N4C(=O)c5ccc([*])cc5C4=O)cc3)cc1)C2=O,-9.924453039
639,[*]c1ccc2c(c1)C(=O)N(c1ccc(N3C(=O)c4ccc(C([*])(C(F)(F)F)C(F)(F)F)cc4C3=O)cc1)C2=O,-9.580044252
640,[*]c1ccc2c(c1)C(=O)N(c1ccc(N3C(=O)c4ccc([Si]([*])(C)C)cc4C3=O)cc1)C2=O,-10.22184875
641,[*]c1ccc2c(c1)C(=O)N(c1ccc(NC(=O)C(F)(F)C(F)(F)C(F)(F)C(F)(F)C(=O)Nc3ccc(N4C(=O)c5ccc(C([*])(C(F)(F)F)C(F)(F)F)cc5C4=O)cc3)cc1)C2=O,-9.826813732
642,[*]c1ccc2c(c1)C(=O)N(c1ccc(NC(=O)C(F)(F)C(F)(F)C(F)(F)C(F)(F)C(F)(F)C(F)(F)C(=O)Nc3ccc(N4C(=O)c5ccc(C([*])(C(F)(F)F)C(F)(F)F)cc5C4=O)cc3)cc1)C2=O,-9.721246399
643,[*]c1ccc2c(c1)C(=O)N(c1ccc(Oc3ccc(-c4ccc(-c5ccc(-c6ccc(Oc7ccc(N8C(=O)c9ccc(C([*])(C(F)(F)F)C(F)(F)F)cc9C8=O)cc7)c(C(F)(F)F)c6)cc5)cc4)cc3C(F)(F)F)cc1)C2=O,-8.76700389
644,[*]c1ccc2c(c1)C(=O)N(c1ccc(Oc3ccc(-c4ccc(-c5ccc(Oc6ccc(N7C(=O)c8ccc(C([*])(C(F)(F)F)C(F)(F)F)cc8C7=O)cc6)c(C(F)(F)F)c5)cc4)cc3C(F)(F)F)cc1)C2=O,-8.818156412
645,[*]c1ccc2c(c1)C(=O)N(c1ccc(Oc3ccc(-c4ccc(-c5ccc(Oc6ccc(N7C(=O)c8ccc(C([*])(C(F)(F)F)C(F)(F)F)cc8C7=O)cc6)c(C(F)(F)F)c5)s4)cc3C(F)(F)F)cc1)C2=O,-8.931814138
646,[*]c1ccc2c(c1)C(=O)N(c1ccc(Oc3ccc(-c4ccc(Oc5ccc(N6C(=O)c7ccc(C([*])(C(F)(F)F)C(F)(F)F)cc7C6=O)cc5)cc4)cc3)cc1)C2=O,-9.761953897
647,[*]c1ccc2c(c1)C(=O)N(c1ccc(Oc3ccc(-c4cccc(-c5ccc(Oc6ccc(N7C(=O)c8ccc(C([*])(C(F)(F)F)C(F)(F)F)cc8C7=O)cc6)c(C(F)(F)F)c5)n4)cc3C(F)(F)F)cc1)C2=O,-8.913640169
648,[*]c1ccc2c(c1)C(=O)N(c1ccc(Oc3ccc(C(c4ccc(-c5ccc(Oc6ccc(N7C(=O)c8ccc([*])cc8C7=O)cc6)cc5)cc4)(C(F)(F)F)C(F)(F)F)cc3)cc1)C2,-9.812479279
649,[*]c1ccc2c(c1)C(=O)N(c1ccc(Oc3ccc(C(c4ccc(-c5ccc(Oc6ccc(N7C(=O)c8ccc([*])cc8C7=O)cc6C(F)(F)F)cc5)cc4)(C(F)(F)F)C(F)(F)F)cc3)c(C(F)(F)F)c1)C2,-9.507239611
650,[*]c1ccc2c(c1)C(=O)N(c1ccc(Oc3ccc(C(c4ccc(Oc5ccc(N6C(=O)c7ccc(C([*])(C(F)(F)F)C(F)(F)F)cc7C6=O)cc5)cc4)(C(F)(F)F)C(F)(F)F)cc3)cc1)C2=O,-9.395773947
651,[*]c1ccc2c(c1)C(=O)N(c1ccc(Oc3ccc(C(c4ccc(Oc5ccc(N6C(=O)c7ccc(C([*])(C(F)(F)F)C(F)(F)F)cc7C6=O)cc5C(F)(F)F)cc4)(C(F)(F)F)C(F)(F)F)cc3)c(C(F)(F)F)c1)C2=O,-9.187086643
652,[*]c1ccc2c(c1)C(=O)N(c1ccc(Oc3ccc(C(c4ccc(Oc5ccc(N6C(=O)c7ccc([*])cc7C6=O)cc5)cc4)(C(F)(F)F)C(F)(F)F)cc3)cc1)C2=O,-9.777283529
653,[*]c1ccc2c(c1)C(=O)N(c1ccc(Oc3ccc(C(c4ccc(Oc5ccc(N6C(=O)c7ccc([*])cc7C6=O)cc5C(F)(F)F)cc4)(C(F)(F)F)C(F)(F)F)cc3)c(C(F)(F)F)c1)C2=O,-9.507239611
654,[*]c1ccc2c(c1)C(=O)N(c1ccc(Oc3ccc(N4C(=O)c5ccc(C([*])(C(F)(F)F)C(F)(F)F)cc5C4=O)cc3)cc1)C2,-9.411168274
655,[*]c1ccc2c(c1)C(=O)N(c1ccc(Oc3ccc(N4C(=O)c5ccc(C([*])(C(F)(F)F)C(F)(F)F)cc5C4=O)cc3)cc1)C2=O,-9.415668776
656,[*]c1ccc2c(c1)C(=O)N(c1ccc(Oc3ccc(N4C(=O)c5ccc(S([*])(=O)=O)cc5C4=O)cc3)cc1)C2=O,-10.69897
657,[*]c1ccc2c(c1)C(=O)N(c1ccc(Oc3ccc(N4C(=O)c5ccc([*])cc5C4=O)cc3)cc1)C2=O,-10.75696195
658,[*]c1ccc2c(c1)C(=O)N(c1ccc(Oc3ccc(N4C(=O)c5ccc([Si]([*])(C)C)cc5C4=O)cc3)cc1)C2=O,-10.22694531
659,[*]c1ccc2c(c1)C(=O)N(c1ccc(Oc3ccc(Oc4ccc(Oc5ccc(N6C(=O)c7ccc([*])cc7C6=O)cc5)cc4)cc3)cc1)C2=O,-10.59176003
660,[*]c1ccc2c(c1)C(=O)N(c1ccc(Oc3ccc(S(=O)(=O)c4ccc(Oc5ccc(N6C(=O)c7ccc([*])cc7C6=O)cc5)cc4)cc3)cc1)C2=O,-10.43415218
661,[*]c1ccc2c(c1)C(=O)N(c1ccc(S(=O)(=O)c3ccc(N4C(=O)c5ccc(C([*])(C(F)(F)F)C(F)(F)F)cc5C4=O)cc3)cc1)C2=O,-9.431798276
662,[*]c1ccc2c(c1)C(=O)N(c1ccc(S(=O)(=O)c3ccc(N4C(=O)c5ccc([*])cc5C4=O)cc3)cc1)C2=O,-10.37263414
663,[*]c1ccc2c(c1)C(=O)N(c1ccc(Sc3ccc(N4C(=O)c5ccc(C([*])(C(F)(F)F)C(F)(F)F)cc5C4=O)cc3)cc1)C2=O,-9.331614083
664,[*]c1ccc2c(c1)C(=O)N(c1ccc(Sc3ccc(Sc4ccc(N5C(=O)c6ccc(C([*])(C(F)(F)F)C(F)(F)F)cc6C5=O)cc4)cc3)cc1)C2=O,-9.752026734
665,[*]c1ccc2c(c1)C(=O)N(c1ccc(Sc3ccc(Sc4ccc(Sc5ccc(N6C(=O)c7ccc(C([*])(C(F)(F)F)C(F)(F)F)cc7C6=O)cc5)cc4)cc3)cc1)C2=O,-9.764471553
666,[*]c1ccc2c(c1)C(=O)N(c1ccc(Sc3ccc(Sc4ccc(Sc5ccc(Sc6ccc(N7C(=O)c8ccc(C([*])(C(F)(F)F)C(F)(F)F)cc8C7=O)cc6)cc5)cc4)cc3)cc1)C2=O,-9.835647144
667,[*]c1ccc2c(c1)C(=O)N(c1ccc3[nH]c4ccc(N5C(=O)c6ccc(C([*])(C(F)(F)F)C(F)(F)F)cc6C5=O)cc4c3c1)C2=O,-9.347753659
668,[*]c1ccc2c(c1)C(=O)N(c1ccc3c(c1)C1c4ccc(N5C(=O)c6ccc(C([*])(C(F)(F)F)C(F)(F)F)cc6C5=O)cc4C3c3cc4ccccc4cc31)C2=O,-8.363512104
669,[*]c1ccc2c(c1)C(=O)N(c1ccc3c(c1)C1c4ccccc4C3c3cc(N4C(=O)c5ccc(C([*])(C(F)(F)F)C(F)(F)F)cc5C4=O)ccc31)C2=O,-8.595166283
670,[*]c1ccc2c(c1)C(=O)N(c1ccc3c(c1)Cc1cc(N4C(=O)c5ccc(C([*])(C(F)(F)F)C(F)(F)F)cc5C4=O)ccc1-3)C2=O,-9.202732459
671,[*]c1ccc2c(c1)C(=O)N(c1cccc(C(c3cccc(N4C(=O)c5ccc(C([*])(C(F)(F)F)C(F)(F)F)cc5C4=O)c3)(C(F)(F)F)C(F)(F)F)c1)C2=O,-9.744727495
672,[*]c1ccc2c(c1)C(=O)N(c1cccc(N3C(=O)c4ccc(C([*])(C(F)(F)F)C(F)(F)F)cc4C3=O)c1)C2=O,-9.588380294
673,[*]c1ccc2c(c1)C(=O)N(c1cccc(NC(=O)C(F)(F)C(F)(F)C(F)(F)C(F)(F)C(=O)Nc3cccc(N4C(=O)c5ccc(C([*])(C(F)(F)F)C(F)(F)F)cc5C4=O)c3)c1)C2=O,-10.30980392
674,[*]c1ccc2c(c1)C(=O)N(c1cccc(NC(=O)C(F)(F)C(F)(F)C(F)(F)C(F)(F)C(F)(F)C(F)(F)C(=O)Nc3cccc(N4C(=O)c5ccc(C([*])(C(F)(F)F)C(F)(F)F)cc5C4=O)c3)c1)C2=O,-10
675,[*]c1ccc2c(c1)C(=O)N(c1cccc(Oc3ccc(C(c4ccc(Oc5cccc(N6C(=O)c7ccc(C([*])(C(F)(F)F)C(F)(F)F)cc7C6=O)c5)cc4)(C(F)(F)F)C(F)(F)F)cc3)c1)C2=O,-9.869666232
676,[*]c1ccc2c(c1)C(=O)N(c1cccc(Oc3ccc(N4C(=O)c5ccc(C([*])(C(F)(F)F)C(F)(F)F)cc5C4=O)cc3)c1)C2,-9.804100348
677,[*]c1ccc2c(c1)C(=O)N(c1cccc(Oc3cccc(N4C(=O)c5ccc(C([*])(C(F)(F)F)C(F)(F)F)cc5C4=O)c3)c1)C2=O,-10.16749109
678,[*]c1ccc2c(c1)C(=O)N(c1cccc(S(=O)(=O)c3cccc(N4C(=O)c5ccc(C([*])(C(F)(F)F)C(F)(F)F)cc5C4=O)c3)c1)C2=O,-10.17717835
679,[*]c1ccc2c(c1)C(=O)n1c-2nc2cc(Oc3ccc4nc5n(c4c3)C(=O)c3cc([*])ccc3-5)ccc21,-10.61978876
680,[*]c1ccc2c(c1)C(=O)n1c-2nc2ccc(-c3ccc4c(c3)nc3n4C(=O)c4cc(C([*])(C(F)(F)F)C(F)(F)F)ccc4-3)cc21,-9.110698297
681,[*]c1ccc2c(c1)C(=O)n1c-2nc2ccc(Oc3ccc4c(c3)nc3n4C(=O)c4cc(C([*])(C(F)(F)F)C(F)(F)F)ccc4-3)cc21,-9.297569464
682,[*]c1ccc2c(c1)C(=O)n1c-2nc2ccc(Oc3ccc4nc5n(c4c3)C(=O)c3cc(C([*])(C(F)(F)F)C(F)(F)F)ccc3-5)cc21,-9.102372909
683,[*]c1ccc2c(c1)C1(CC2(C)C)CC(C)(C)c2ccc(N3C(=O)c4cc5c(cc4C3=O)C3(CC(C)(C)c4cc6c(cc43)C(=O)N([*])C6=O)CC5(C)C)cc21,-7.681936665
684,[*]c1ccc2c(c1)C=C1C(=O)C(N3C(=O)c4ccc(C(c5ccc6c(c5)C(=O)N([*])C6=O)(C(F)(F)F)C(F)(F)F)cc4C3=O)=CC=C12,-9.630784143
685,[*]c1ccc2c(c1)c1cc(N3C(=O)c4ccc(C(c5ccc6c(c5)C(=O)N([*])C6=O)(C(F)(F)F)C(F)(F)F)cc4C3=O)ccc1n2CC,-9.040005162
686,[*]c1ccc2oc(-c3ccc4cc(-c5nc6cc(C([*])(C(F)(F)F)C(F)(F)F)ccc6o5)ccc4c3)nc2c1,-9.841637508
687,[*]c1cccc(-c2nc3cc(-c4ccc5nc([*])[nH]c5c4)ccc3[nH]2)c1,-11.82390874
688,[*]c1cccc(-c2nc3cc(-c4ccc5nc([*])[nH]c5c4)ccc3[nH]2)n1,-11.34678749
689,[*]c1cccc(N2C(=O)c3ccc(C(c4ccc5c(c4)C(=O)N([*])C5=O)(C(F)(F)F)C(F)(F)F)cc3C2=O)c1C,-8.962573502
690,[*]c1cccc(Oc2ccc(C(c3ccc(Oc4cccc(-n5c(=O)c6cc7c(=O)n([*])c(=O)c7cc6c5=O)c4)cc3)(C(F)(F)F)C(F)(F)F)cc2)c1,-9.853871964
691,[*]c1cccc(Oc2cccc(-n3c(=O)c4cc5c(=O)n([*])c(=O)c5cc4c3=O)c2)c1,-10.88605665
692,[*]c1cccc2c(-n3c(=O)c4cc5oc6cc7c(cc6oc5cc4c3=O)C3(CC(C)(C)c4cc5oc6cc8c(=O)n([*])c(=O)c8cc6oc5cc43)CC7(C)C)cccc12,-8.113509275
693,[*]c1cncc(-c2ccc(Oc3ccc(C(c4ccc(Oc5ccc([*])cc5C(F)(F)F)cc4)C4c5ccccc5-c5ccccc54)cc3)c(C(F)(F)F)c2)c1,-9.206209615
694,[*]c1nc2ccc(-c3ccc4[nH]c(-c5cc(Br)c([*])cc5Br)nc4c3)cc2[nH]1,-11.15490196
695,[*]c1nnc(C2CCC([*])CC2)o1,-8.698970004